name,type,description,businessrisk,approval,TLP RATING,enterprise blueprint (Satya's initiative),industry,content pack,reference,img,demo,modified
eCTA141098,eCTA,"SHELLSHOCK EXPLOIT TARGETS WEB SERVERS (TAGS: SSL, WEB, HTTP, UNIX, LINUX, APACHE, OPENSSL)",FINANCIAL LOSS,NO CHANGES,WHITE,"VULNERABILITY SCANNER LOGS,PROXY SERVER LOGS,FIREWALL LOGS,LINUX AUDIT LOGS","FINANCIAL SERVICES,ENERGY AND RESOURCES,PUBLIC SECTOR,CIVIL DEFENSE,RETAIL",UNKNOWN,NA,FINANCIAL GAIN,NA,18 Apr 20
eCTA241014A,eCTA,"BACKOFF POINT OF SALE MALWARE (TAGS: MALWARE, POS, RETAIL, ATM)",FINANCIAL LOSS,IN REVIEW,WHITE,"NETWORK INTRUSION DETECTION LOGS,HOST INTRUSION DETECTION LOGS,FIREWALL LOGS,PROXY SERVER LOGS,WINDOWS SECURITY LOGS,EMAIL GATEWAY LOGS","FINANCIAL SERVICES,ENERGY AND RESOURCES,PUBLIC SECTOR,CIVIL DEFENSE,RETAIL",ePACK241014 - BACKOFF.ARB,NA,FINANCIAL GAIN,NA,18 Apr 20
eCTA271014A,eCTA,"INVOIC ePACK (TAGS: PDF, ADOBE, MALWARE, FINANCIAL, RETAIL, INVOICE)",ESPIONAGE,DEPLOYED,WHITE,"VULNERABILITY SCANNER LOGS,EMAIL GATEWAY LOGS,HOST INTRUSION DETECTION LOGS,WINDOWS SECURITY LOGS,FIREWALL LOGS,PROXY SERVER LOGS,NETWORK INTRUSION DETECTION LOGS","FINANCIAL SERVICES,ENERGY AND RESOURCES,RETAIL",INVOIC.ARB,NA,FINANCIAL GAIN,NA,18 Apr 20
eCTA291014A,eCTA,"SCANBOXFRAMEWORK (TAGS: WATER HOLE, WATERING HOLE, MALWRE, INTERNET EXPLORER, WINDOWS, HTTP, WEB, AEROSPACE, JAVA, JAVASCRIPT, AUTOMOTIVE)",ESPIONAGE,DEPLOYED,AMBER,"NETWORK INTRUSION DETECTION LOGS,HOST INTRUSION DETECTION LOGS,FIREWALL LOGS,WINDOWS SECURITY LOGS,PROXY SERVER LOGS","FINANCIAL SERVICES,ENERGY AND RESOURCES,PUBLIC SECTOR,CIVIL DEFENSE,RETAIL",ePACK291014- CVE-2014-4114-BLACKENERGY ePACK V1.0.ARB,NA,FINANCIAL GAIN,NA,18 Apr 20
eCTA301014A,eCTA,CROWTI ePACK,"ESPIONAGE,DISRUPTION",DEPLOYED,WHITE,"VULNERABILITY SCANNER LOGS,EMAIL GATEWAY LOGS,FIREWALL LOGS,PROXY SERVER LOGS,HOST INTRUSION DETECTION LOGS,WINDOWS SECURITY LOGS","ENERGY AND RESOURCES,PUBLIC SECTOR,CIVIL DEFENSE",ePACK291014-SCANBOX ePACK V1.0.ARB,NA,FINANCIAL GAIN,NA,18 Apr 20
eCTA041114A,eCTA,DOUBLEO PHISHING EXPLOIT USING EBOLA GLOBAL FEAR,"ESPIONAGE,DISRUPTION",RECOMMENDED,WHITE,"EMAIL GATEWAY LOGS,HOST INTRUSION DETECTION LOGS,PROXY SERVER LOGS,FIREWALL LOGS,WINDOWS SECURITY LOGS,VULNERABILITY SCANNER LOGS","ENERGY AND RESOURCES,PUBLIC SECTOR,CIVIL DEFENSE",ePACK041114 - DOUBLEO PHISHING EXPLOIT - REV A.ARB,NA,FINANCIAL GAIN,NA,18 Apr 20
eCTA131114A,eCTA,ROUGE EVENT MANAGER TARGETING WINDOWS USERS,"ESPIONAGE,FINANCIAL LOSS",RECOMMENDED,WHITE,"HOST INTRUSION DETECTION LOGS,EMAIL GATEWAY LOGS,FIREWALL LOGS,PROXY SERVER LOGS,WINDOWS SECURITY LOGS","FINANCIAL SERVICES,ENERGY AND RESOURCES,PUBLIC SECTOR,CIVIL DEFENSE,RETAIL,HEALTH SCIENCES/PHARMACEUTICALS,TRANSPORTATION",ePACK131114 - EVTMGRSVC BACKDOOR - REV A.ARB,NA,FINANCIAL GAIN,NA,18 Apr 20
eCTA171114A,eCTA,WINDOWS SSL VULNERABLE TO REMOTE PRIVILEGE EXECUTION,"ESPIONAGE,FINANCIAL LOSS,DISRUPTION",RECOMMENDED,WHITE,"DATA LOSS PREVENTION LOGS,PROXY SERVER LOGS,VULNERABILITY SCANNER LOGS","FINANCIAL SERVICES,ENERGY AND RESOURCES,PUBLIC SECTOR,CIVIL DEFENSE,RETAIL,HEALTH SCIENCES/PHARMACEUTICALS,TRANSPORTATION",ePACK171114 - WINSHOCK CVE-2014-6321 - REV A.ARB,NA,FINANCIAL GAIN,NA,18 Apr 20
eCTA181114A,eCTA,COINVAULT RANSOMWARE - ,FINANCIAL LOSS,RECOMMENDED,WHITE,"HOST INTRUSION DETECTION LOGS,EMAIL GATEWAY LOGS,FIREWALL LOGS,PROXY SERVER LOGS,WINDOWS SECURITY LOGS","FINANCIAL SERVICES,ENERGY AND RESOURCES,PUBLIC SECTOR,CIVIL DEFENSE,RETAIL,HEALTH SCIENCES/PHARMACEUTICALS,TRANSPORTATION",ePACK181114 - COINVAULT RANSOMWARE - REV A.ARB,NA,FINANCIAL GAIN,NA,18 Apr 20
eCTA221114A,eCTA,CITADEL TROJAN TARGETING JAPANESE FINANCIAL INSTITUTION CUSTOMERS ,FINANCIAL LOSS,RECOMMENDED,WHITE,"NETWORK INTRUSION DETECTION LOGS,DATA LOSS PREVENTION LOGS,HOST INTRUSION DETECTION LOGS,FIREWALL LOGS,PROXY SERVER LOGS,EMAIL GATEWAY LOGS","FINANCIAL SERVICES,ENERGY AND RESOURCES,PUBLIC SECTOR,CIVIL DEFENSE,RETAIL,HEALTH SCIENCES/PHARMACEUTICALS,TRANSPORTATION",ePACK221114 - CITADEL TROJAN - REV A.ARB,NA,FINANCIAL GAIN,NA,18 Apr 20
eCTA271114A,eCTA,REGIN CYBER ESPIONAGE MALWARE  ,ESPIONAGE,DEPLOYED,WHITE,"EMAIL GATEWAY LOGS,FIREWALL LOGS,PROXY SERVER LOGS,WINDOWS SECURITY LOGS,HOST INTRUSION DETECTION LOGS","ENERGY AND RESOURCES,PUBLIC SECTOR,CIVIL DEFENSE,HEALTH SCIENCES/PHARMACEUTICALS",ePACK-241114 - REGIN ESPIONAGE MALWARE - REV A.ARB,NA,ESPIONAGE,NA,18 Apr 20
eCTA281114A,eCTA,OPERATION DOUBLE ePACK,"ESPIONAGE,FINANCIAL LOSS",DEPLOYED,WHITE,"WINDOWS SECURITY LOGS,DATA LOSS PREVENTION LOGS,PROXY SERVER LOGS,HOST INTRUSION DETECTION LOGS,FIREWALL LOGS,EMAIL GATEWAY LOGS,VULNERABILITY SCANNER LOGS","FINANCIAL SERVICES,ENERGY AND RESOURCES,CIVIL DEFENSE",ePACK281114 - OPERATION DOUBLE ePACK- REV A.ARB,NA,FINANCIAL GAIN,NA,18 Apr 20
eCTA281114A,eCTA,ZOMBIE ZERO: SUPPLY CHAIN RELATED ATTACK,"ESPIONAGE,FINANCIAL LOSS,DISRUPTION",DEPLOYED,WHITE,"EMAIL GATEWAY LOGS,VULNERABILITY SCANNER LOGS,WINDOWS SECURITY LOGS,HOST INTRUSION DETECTION LOGS,DATA LOSS PREVENTION LOGS,FIREWALL LOGS,PROXY SERVER LOGS","FINANCIAL SERVICES,ENERGY AND RESOURCES,PUBLIC SECTOR,CIVIL DEFENSE,RETAIL,HEALTH SCIENCES/PHARMACEUTICALS,TRANSPORTATION",ePACK281114 - ZOMBIE ZERO MALWARE- REV A.ARB,NA,FINANCIAL GAIN,NA,18 Apr 20
eCTA051214A,eCTA,CYBERESPIONAGE CAMPAIGN: OPERATION CLEAVER,ESPIONAGE,DEPLOYED,WHITE,"HOST INTRUSION DETECTION LOGS,DATA LOSS PREVENTION LOGS,PROXY SERVER LOGS,FIREWALL LOGS,NETWORK INTRUSION DETECTION LOGS","FINANCIAL SERVICES,ENERGY AND RESOURCES,PUBLIC SECTOR,CIVIL DEFENSE,RETAIL,HEALTH SCIENCES/PHARMACEUTICALS,TRANSPORTATION",ePACK051214 - OPERATION CLEAVER - REV A.ARB,NA,ESPIONAGE,NA,18 Apr 20
eCTA091214A,eCTA,VIRLOCKER RANSOMWARE ,FINANCIAL LOSS,DEPLOYED,WHITE,"EMAIL GATEWAY LOGS,FIREWALL LOGS,PROXY SERVER LOGS,HOST INTRUSION DETECTION LOGS,WINDOWS SECURITY LOGS","FINANCIAL SERVICES,ENERGY AND RESOURCES,PUBLIC SECTOR,CIVIL DEFENSE,RETAIL,HEALTH SCIENCES/PHARMACEUTICALS,TRANSPORTATION",ePACK091214 - VIRLOCKER RANSOMWARE - REV A.ARB,NA,FINANCIAL GAIN,NA,18 Apr 20
eCTA101214A,eCTA,ASPROX TROJAN TARGETING RETAIL INDUSTRY ,FINANCIAL LOSS,DEPLOYED,WHITE,"HOST INTRUSION DETECTION LOGS,DATA LOSS PREVENTION LOGS,EMAIL GATEWAY LOGS,FIREWALL LOGS,PROXY SERVER LOGS,WINDOWS SECURITY LOGS,VULNERABILITY SCANNER LOGS,WEB APPLICATION LOGS",RETAIL,ePACK101214 -ASPROX TROJAN - REV A.ARB,NA,FINANCIAL GAIN,NA,18 Apr 20
eCTA151214A,eCTA,OPHIONLOCKER RANSOMWARE  ,FINANCIAL LOSS,DEPLOYED,WHITE,"VULNERABILITY SCANNER LOGS,EMAIL GATEWAY LOGS,FIREWALL LOGS,PROXY SERVER LOGS,HOST INTRUSION DETECTION LOGS","FINANCIAL SERVICES,ENERGY AND RESOURCES,PUBLIC SECTOR,CIVIL DEFENSE,RETAIL,HEALTH SCIENCES/PHARMACEUTICALS,TRANSPORTATION",ePACK121214 - OPHIONLOCKER RANSOMWARE - REV A.ARB,NA,FINANCIAL GAIN,NA,18 Apr 20
eCTA161214A,eCTA,INCEPTION - CLOUD ATLAS CAMPAIGN ,ESPIONAGE,IN REVIEW,WHITE,"HOST INTRUSION DETECTION LOGS,DATA LOSS PREVENTION LOGS,NETWORK INTRUSION DETECTION LOGS,PROXY SERVER LOGS,WINDOWS SECURITY LOGS,FIREWALL LOGS","PUBLIC SECTOR,CIVIL DEFENSE,HEALTH SCIENCES/PHARMACEUTICALS",ePACK161214 - INCEPTION - CLOUD ATLAS CAMPAIGN ePACK - REV A.ARB,NA,FINANCIAL GAIN,NA,18 Apr 20
eCTA221214A,eCTA,PE_URSNIF SPYWARE TARGETED AT STEALING SENSITIVE INFORMATION ,FINANCIAL LOSS,IN REVIEW,WHITE,"EMAIL GATEWAY LOGS,FIREWALL LOGS,PROXY SERVER LOGS,WINDOWS SECURITY LOGS,HOST INTRUSION DETECTION LOGS","FINANCIAL SERVICES,ENERGY AND RESOURCES,PUBLIC SECTOR,CIVIL DEFENSE,RETAIL,HEALTH SCIENCES/PHARMACEUTICALS,TRANSPORTATION",ePACK221214 - PE_URSNIF MALWARE - REV A.ARB,NA,FINANCIAL GAIN,NA,18 Apr 20
eCTA221214A,eCTA,PHASEBOT ROOTKIT PHISHING CAMPAIGN ,FINANCIAL LOSS,RECOMMENDED,WHITE,"DATA LOSS PREVENTION LOGS,HOST INTRUSION DETECTION LOGS,PROXY SERVER LOGS,FIREWALL LOGS,EMAIL GATEWAY LOGS","FINANCIAL SERVICES,ENERGY AND RESOURCES,PUBLIC SECTOR,CIVIL DEFENSE,RETAIL,HEALTH SCIENCES/PHARMACEUTICALS,TRANSPORTATION",ePACK221214 - PHASEBOT ROOTKIT - REV A.ARB,NA,FINANCIAL GAIN,NA,18 Apr 20
eCTA301214A,eCTA,TORRENTLOCKER RANSOMWARE ,FINANCIAL LOSS,RECOMMENDED,WHITE,"EMAIL GATEWAY LOGS,FIREWALL LOGS,PROXY SERVER LOGS,HOST INTRUSION DETECTION LOGS,WINDOWS SECURITY LOGS,NETWORK INTRUSION DETECTION LOGS","FINANCIAL SERVICES,ENERGY AND RESOURCES,PUBLIC SECTOR,CIVIL DEFENSE,RETAIL,HEALTH SCIENCES/PHARMACEUTICALS,TRANSPORTATION",ePACK301214 - TORRENTLOCKER RANSOMWARE - REV A.ARB,NA,FINANCIAL GAIN,NA,18 Apr 20
eCTA311214A,eCTA,NEUTRINO EXPLOIT KIT,"ESPIONAGE,FINANCIAL LOSS,DISRUPTION",RECOMMENDED,WHITE,"HOST INTRUSION DETECTION LOGS,NETWORK INTRUSION DETECTION LOGS,PROXY SERVER LOGS,VULNERABILITY SCANNER LOGS","FINANCIAL SERVICES,ENERGY AND RESOURCES,PUBLIC SECTOR,CIVIL DEFENSE,RETAIL,HEALTH SCIENCES/PHARMACEUTICALS,TRANSPORTATION",ePACK311214 - NEUTRINO EXPLOIT KIT - REV A.ARB,NA,FINANCIAL GAIN,NA,18 Apr 20
eCTA031214D,eCTA,SHAMOON STYLE (WIPER) ATTACK POTENTIALLY LINKED TO SONY BREACH  ,"ESPIONAGE,DISRUPTION",IN REVIEW,WHITE,"WINDOWS SECURITY LOGS,HOST INTRUSION DETECTION LOGS,VULNERABILITY SCANNER LOGS,PROXY SERVER LOGS,FIREWALL LOGS,EMAIL GATEWAY LOGS","FINANCIAL SERVICES,ENERGY AND RESOURCES,PUBLIC SECTOR,CIVIL DEFENSE,RETAIL,HEALTH SCIENCES/PHARMACEUTICALS,TRANSPORTATION",ePACK031214 - WIPER MALWARE TARGETS SONY PICTURES ENTERTAINMENT - REV D.ARB,NA,FINANCIAL GAIN,NA,18 Apr 20
eCTA291014C,eCTA,BLACKENERGY MALWARE,ESPIONAGE,IN REVIEW,WHITE,"NETWORK INTRUSION DETECTION LOGS,HOST INTRUSION DETECTION LOGS,FIREWALL LOGS,PROXY SERVER LOGS,EMAIL GATEWAY LOGS","FINANCIAL SERVICES,ENERGY AND RESOURCES,PUBLIC SECTOR,CIVIL DEFENSE,RETAIL,HEALTH SCIENCES/PHARMACEUTICALS,TRANSPORTATION",ePACK291014 -BLACKENERGY MALWARE - REV C.ARB,NA,FINANCIAL GAIN,NA,18 Apr 20
eCTA071114B,eCTA,CRIME AS A SERVICE: CRYPTOLOCKER RANSOMWARE  ,FINANCIAL LOSS,DEPLOYED,WHITE,"HOST INTRUSION DETECTION LOGS,EMAIL GATEWAY LOGS,PROXY SERVER LOGS,FIREWALL LOGS,WINDOWS SECURITY LOGS,NETWORK INTRUSION DETECTION LOGS","FINANCIAL SERVICES,ENERGY AND RESOURCES,PUBLIC SECTOR,CIVIL DEFENSE,RETAIL,HEALTH SCIENCES/PHARMACEUTICALS,TRANSPORTATION",ePACK071114 - CRYPTOLOCKER PHISHING CAMPAIGN - REV B.ARB,NA,FINANCIAL GAIN,NA,18 Apr 20
eCTA120115A,eCTA,HAVEX MALWARE TARGETS INDUSTRIAL CONTROL SYSTEMS (ICS)  ,"FINANCIAL LOSS,DISRUPTION",DEPLOYED,WHITE,"HOST INTRUSION DETECTION LOGS,DATA LOSS PREVENTION LOGS,NETWORK INTRUSION DETECTION LOGS,PROXY SERVER LOGS,FIREWALL LOGS,WINDOWS SECURITY LOGS,EMAIL GATEWAY LOGS","ENERGY AND RESOURCES,PUBLIC SECTOR,CIVIL DEFENSE,HEALTH SCIENCES/PHARMACEUTICALS",ePACK120115A - HAVEX MALWARE.ARB,NA,FINANCIAL GAIN,NA,18 Apr 20
eCTA130115A,eCTA,SKELETON KEY MALWARE BYPASSES ACTIVE DIRECTORY AUTHENTICATION ,"ESPIONAGE,FINANCIAL LOSS,DISRUPTION",DEPLOYED,WHITE,"HOST INTRUSION DETECTION LOGS,PROXY SERVER LOGS,FIREWALL LOGS","FINANCIAL SERVICES,ENERGY AND RESOURCES,PUBLIC SECTOR,CIVIL DEFENSE,RETAIL,HEALTH SCIENCES/PHARMACEUTICALS,TRANSPORTATION",ePACK130115A - SKELETON KEY MALWARE.ARB,NA,FINANCIAL GAIN,NA,18 Apr 20
eCTA140115A,eCTA,KOVTER MALVERTISING CAMPAIGN  ,FINANCIAL LOSS,RECOMMENDED,WHITE,"VULNERABILITY SCANNER LOGS,PROXY SERVER LOGS,FIREWALL LOGS,HOST INTRUSION DETECTION LOGS,NETWORK INTRUSION DETECTION LOGS","FINANCIAL SERVICES,CIVIL DEFENSE,RETAIL,HEALTH SCIENCES/PHARMACEUTICALS,TRANSPORTATION",ePACK140115A - KOVTER MALWARE.ARB,NA,FINANCIAL GAIN,NA,18 Apr 20
eCTA150115A,eCTA,HANCITOR MALWARE AFFECTING FINANCIAL INSTITUTIONS ,FINANCIAL LOSS,RECOMMENDED,WHITE,"HOST INTRUSION DETECTION LOGS,PROXY SERVER LOGS,FIREWALL LOGS,WINDOWS SECURITY LOGS,EMAIL GATEWAY LOGS","FINANCIAL SERVICES,RETAIL,HEALTH SCIENCES/PHARMACEUTICALS,TRANSPORTATION",ePACK150115A - HANCITOR MALWARE.ARB,NA,FINANCIAL GAIN,NA,18 Apr 20
eCTA200115A,eCTA,CRIME AS A SERVICE CTB-LOCKER RANSOMWARE ,FINANCIAL LOSS,RECOMMENDED,WHITE,"VULNERABILITY SCANNER LOGS,EMAIL GATEWAY LOGS,PROXY SERVER LOGS,FIREWALL LOGS,WINDOWS SECURITY LOGS,NETWORK INTRUSION DETECTION LOGS","FINANCIAL SERVICES,ENERGY AND RESOURCES,PUBLIC SECTOR,CIVIL DEFENSE,RETAIL,HEALTH SCIENCES/PHARMACEUTICALS,TRANSPORTATION",ePACK200115A - CTB-LOCKER RANSOMWARE.ARB,NA,FINANCIAL GAIN,NA,18 Apr 20
eCTA220115A,eCTA,TYUPKIN MALWARE TARGETING AUTOMATED TELLER MACHINES ,FINANCIAL LOSS,RECOMMENDED,WHITE,"HOST INTRUSION DETECTION LOGS,ANTIVIRUS LOGS,WINDOWS SECURITY LOGS",FINANCIAL SERVICES,ePACK220115A - TYUPKIN MALWARE TARGETING AUTOMATED TELLER MACHINES.ARB,NA,FINANCIAL GAIN,NA,18 Apr 20
eCTA280115A,eCTA,NJWORM REMOTE ACCESS TROJAN ,"ESPIONAGE,FINANCIAL LOSS",RECOMMENDED,WHITE,"EMAIL GATEWAY LOGS,PROXY SERVER LOGS,FIREWALL LOGS,HOST INTRUSION DETECTION LOGS","FINANCIAL SERVICES,ENERGY AND RESOURCES,PUBLIC SECTOR,CIVIL DEFENSE,RETAIL,HEALTH SCIENCES/PHARMACEUTICALS,TRANSPORTATION",ePACK270115 - NJW0RM REMOTE ACCESS TROJAN.ARB,NA,FINANCIAL GAIN,NA,18 Apr 20
eCTA211014D,eCTA,ZEUS TROJAN AND VARIANTS TARGETING FINANCIAL INSTITUTIONS ,FINANCIAL LOSS,DEPLOYED,WHITE,"EMAIL GATEWAY LOGS,HOST INTRUSION DETECTION LOGS,PROXY SERVER LOGS,FIREWALL LOGS,WINDOWS SECURITY LOGS,VULNERABILITY SCANNER LOGS",FINANCIAL SERVICES,ePACK211014D - ZEUS AND VARIANTS.ARB,NA,FINANCIAL GAIN,NA,18 Apr 20
eCTA031114C,eCTA,POWELIKS IN-REGISTRY MALWARE ,FINANCIAL LOSS,DEPLOYED,WHITE,"VULNERABILITY SCANNER LOGS,EMAIL GATEWAY LOGS,WINDOWS SECURITY LOGS,HOST INTRUSION DETECTION LOGS,FIREWALL LOGS,PROXY SERVER LOGS,NETWORK INTRUSION DETECTION LOGS",FINANCIAL SERVICES,ePACK031114C - POWELIKS IN-REGISTRY MALWARE.ARB,NA,FINANCIAL GAIN,NA,18 Apr 20
eCTA050215A,eCTA,GHOST VULNERABILITY AFFECTS LINUX SYSTEMS ,"ESPIONAGE,FINANCIAL LOSS,DISRUPTION",DEPLOYED,WHITE,"VULNERABILITY SCANNER LOGS,LINUX AUDIT LOGS","FINANCIAL SERVICES,ENERGY AND RESOURCES,PUBLIC SECTOR,CIVIL DEFENSE,RETAIL,HEALTH SCIENCES/PHARMACEUTICALS,TRANSPORTATION",ePACK030215A - GHOST VULNERABILITY AFFECTS LINUX SYSTEMS.ARB,NA,FINANCIAL GAIN,NA,18 Apr 20
eCTA120215A,eCTA,SWEET ORANGE EXPLOIT KIT TARGETING FINANCIAL INSTITUTIONS ,"ESPIONAGE,FINANCIAL LOSS",DEPLOYED,WHITE,"PROXY SERVER LOGS,FIREWALL LOGS,HOST INTRUSION DETECTION LOGS,WINDOWS SECURITY LOGS,ANTIVIRUS LOGS","FINANCIAL SERVICES,ENERGY AND RESOURCES,PUBLIC SECTOR,CIVIL DEFENSE,RETAIL,HEALTH SCIENCES/PHARMACEUTICALS,TRANSPORTATION",ePACK120215A - SWEET ORANGE EXPLOIT KIT TARGETING FINANCIAL INSTITUTIONS.ARB,NA,FINANCIAL GAIN,NA,18 Apr 20
eCTA200115D,eCTA,CRIME AS A SERVICE CTB-LOCKER RANSOMWARE ,FINANCIAL LOSS,DEPLOYED,WHITE,"VULNERABILITY SCANNER LOGS,EMAIL GATEWAY LOGS,FIREWALL LOGS,PROXY SERVER LOGS,HOST INTRUSION DETECTION LOGS,WINDOWS SECURITY LOGS,NETWORK INTRUSION DETECTION LOGS","FINANCIAL SERVICES,ENERGY AND RESOURCES,PUBLIC SECTOR,CIVIL DEFENSE,RETAIL,HEALTH SCIENCES/PHARMACEUTICALS,TRANSPORTATION",ePACK200115D - CTB-LOCKER RANSOMWARE.ARB,NA,FINANCIAL GAIN,NA,18 Apr 20
eCTA170215A,eCTA,CUTWAIL BOTNET DISTRIBUTES FINANCIAL MALWARE AND RANSOMWARE ,"ESPIONAGE,FINANCIAL LOSS,DISRUPTION",DEPLOYED,WHITE,"PROXY SERVER LOGS,FIREWALL LOGS,HOST INTRUSION DETECTION LOGS,WINDOWS SECURITY LOGS","FINANCIAL SERVICES,ENERGY AND RESOURCES,PUBLIC SECTOR,CIVIL DEFENSE,RETAIL,HEALTH SCIENCES/PHARMACEUTICALS,TRANSPORTATION",ePACK170215A - CUTWAIL BOTNET DISTRIBUTES FINANCIAL MALWARE AND RANSOMWARE.ARB,NA,FINANCIAL GAIN,NA,18 Apr 20
eCTA271014D,eCTA,BLACKENERGY MALWARE ,ESPIONAGE,DEPLOYED,WHITE,"VULNERABILITY SCANNER LOGS,EMAIL GATEWAY LOGS,FIREWALL LOGS,PROXY SERVER LOGS,WINDOWS SECURITY LOGS,NETWORK INTRUSION DETECTION LOGS,DATA LOSS PREVENTION LOGS","FINANCIAL SERVICES,ENERGY AND RESOURCES,PUBLIC SECTOR,CIVIL DEFENSE,RETAIL,HEALTH SCIENCES/PHARMACEUTICALS,TRANSPORTATION",ePACK271014D - BLACKENERGY MALWARE.ARB,NA,FINANCIAL GAIN,NA,18 Apr 20
eCTA250215A,eCTA,EVILBUNNY TROJAN TARGETS WINDOWS SYSTEMS ,"ESPIONAGE,FINANCIAL LOSS,DISRUPTION",IN REVIEW,WHITE,"VULNERABILITY SCANNER LOGS,PROXY SERVER LOGS,FIREWALL LOGS,WINDOWS SECURITY LOGS,VULNERABILITY SCANNER LOGS","FINANCIAL SERVICES,ENERGY AND RESOURCES,PUBLIC SECTOR,CIVIL DEFENSE,RETAIL,HEALTH SCIENCES/PHARMACEUTICALS,TRANSPORTATION",ePACK250215A - EVILBUNNY TROJAN TARGETS WINDOWS SYSTEMS.ARB,NA,FINANCIAL GAIN,NA,18 Apr 20
eCTA200215B,eCTA,EQUATION CYBER ESPIONAGE GROUP TARGETING GOVERNMENTS ,ESPIONAGE,IN REVIEW,WHITE,"VULNERABILITY SCANNER LOGS,EMAIL GATEWAY LOGS,ANTIVIRUS LOGS,WINDOWS SECURITY LOGS,DATA LOSS PREVENTION LOGS,PROXY SERVER LOGS,FIREWALL LOGS","ENERGY AND RESOURCES,PUBLIC SECTOR,CIVIL DEFENSE",ePACK200215B_-_EQUATION_GROUP.ARB,NA,FINANCIAL GAIN,NA,18 Apr 20
eCTA060215D,eCTA,CYBER ESPIONAGE CAMPAIGN TARGETING ANTHEM INC ,"ESPIONAGE,FINANCIAL LOSS,DISRUPTION",RECOMMENDED,WHITE,"PROXY SERVER LOGS,FIREWALL LOGS,HOST INTRUSION DETECTION LOGS,NETWORK INTRUSION DETECTION LOGS,WINDOWS SECURITY LOGS,EMAIL GATEWAY LOGS","FINANCIAL SERVICES,ENERGY AND RESOURCES,PUBLIC SECTOR,CIVIL DEFENSE,RETAIL,HEALTH SCIENCES/PHARMACEUTICALS,TRANSPORTATION",ePACK060215D - CYBER ESPIONAGE CAMPAIGN TARGETING ANTHEM INC.ARB,NA,FINANCIAL GAIN,NA,18 Apr 20
eCTA291214C,eCTA,ANUNAK MALWARE TARGETS FINANCIAL INSTITUTIONS,FINANCIAL LOSS,RECOMMENDED,WHITE,"VULNERABILITY SCANNER LOGS,EMAIL GATEWAY LOGS,PROXY SERVER LOGS,FIREWALL LOGS,HOST INTRUSION DETECTION LOGS,WINDOWS SECURITY LOGS","FINANCIAL SERVICES,RETAIL",ePACK291214 - ANUNAK MALWARE TARGETS FINANCIAL INSTITUTIONS - REV C.ARB,NA,FINANCIAL GAIN,NA,18 Apr 20
eCTA060315A,eCTA,NETWIRE RAT TARGETING FINANCIAL SERVICES AND HEALTHCARE SECTORS ,FINANCIAL LOSS,RECOMMENDED,WHITE,"DATA LOSS PREVENTION LOGS,HOST INTRUSION DETECTION LOGS,PROXY SERVER LOGS,FIREWALL LOGS,EMAIL GATEWAY LOGS","FINANCIAL SERVICES,ENERGY AND RESOURCES,PUBLIC SECTOR,CIVIL DEFENSE,RETAIL,HEALTH SCIENCES/PHARMACEUTICALS,TRANSPORTATION",ePACK060315A - NETWIRE TROJAN.ARB,NA,FINANCIAL GAIN,NA,18 Apr 20
eCTA060315A,eCTA,ALIENSPY REMOTE ACCESS TROJAN ,"ESPIONAGE,FINANCIAL LOSS,DISRUPTION",IN REVIEW,WHITE,"ANTIVIRUS LOGS,HOST INTRUSION DETECTION LOGS,LAYER 7 NETWORK FORESIC LOGS,FIREWALL LOGS,NETWORK INTRUSION DETECTION LOGS","FINANCIAL SERVICES,ENERGY AND RESOURCES,PUBLIC SECTOR,CIVIL DEFENSE,RETAIL,HEALTH SCIENCES/PHARMACEUTICALS,TRANSPORTATION",ePACK060315A - ALIENSPY REMOTE ACCESS TROJAN.ARB,NA,FINANCIAL GAIN,NA,18 Apr 20
eCTA090315A,eCTA,BOLETO FRAUD TARGETS BRAZIL ,FINANCIAL LOSS,IN REVIEW,WHITE,"EMAIL GATEWAY LOGS,HOST INTRUSION DETECTION LOGS,ANTIVIRUS LOGS,WINDOWS SECURITY LOGS,PROXY SERVER LOGS,FIREWALL LOGS",FINANCIAL SERVICES,ePACK090315A - BOLETO FRAUD TARGETS BRAZIL.ARB,NA,FINANCIAL GAIN,NA,18 Apr 20
eCTA090315B,eCTA,CHUINGAMSHIK RANSOMWARE ,FINANCIAL LOSS,DEPLOYED,WHITE,"HOST INTRUSION DETECTION LOGS,FIREWALL LOGS,PROXY SERVER LOGS,HOST INTRUSION DETECTION LOGS,EMAIL GATEWAY LOGS",FINANCIAL SERVICES,ePACK090315A - CHUINGAMSHIK RANSOMWARE.ARB,NA,FINANCIAL GAIN,NA,18 Apr 20
eCTA160315A,eCTA,DESERT FALCONS CYBERESPIONAGE GROUP ,"ESPIONAGE,FINANCIAL LOSS",DEPLOYED,WHITE,"EMAIL GATEWAY LOGS,HOST INTRUSION DETECTION LOGS,HOST INTRUSION DETECTION LOGS,PROXY SERVER LOGS,FIREWALL LOGS,ANTIVIRUS LOGS,NETWORK INTRUSION DETECTION LOGS","FINANCIAL SERVICES,ENERGY AND RESOURCES,PUBLIC SECTOR,CIVIL DEFENSE",ePACK090315A - DESERT FALCONS.ARB,NA,FINANCIAL GAIN,NA,18 Apr 20
eCTA160315A,eCTA,TESLACRYPT TARGETS WINDOWS SYSTEMS ,"FINANCIAL LOSS,DISRUPTION",DEPLOYED,WHITE,"PROXY SERVER LOGS,HOST INTRUSION DETECTION LOGS,WINDOWS SECURITY LOGS,FIREWALL LOGS,VULNERABILITY SCANNER LOGS","FINANCIAL SERVICES,ENERGY AND RESOURCES,PUBLIC SECTOR,CIVIL DEFENSE,RETAIL,HEALTH SCIENCES/PHARMACEUTICALS,TRANSPORTATION",ePACK160315A - TESLACRYPT TARGETS WINDOWS SYSTEMS.ARB,NA,FINANCIAL GAIN,NA,18 Apr 20
eCTA150325A,eCTA,COZY MALWARE AFFECTING PUBLIC SECTOR AND GOVERNMENT ,"ESPIONAGE,FINANCIAL LOSS",RECOMMENDED,WHITE,"PROXY SERVER LOGS,EMAIL GATEWAY LOGS,FIREWALL LOGS,HOST INTRUSION DETECTION LOGS,ANTIVIRUS LOGS","FINANCIAL SERVICES,ENERGY AND RESOURCES,PUBLIC SECTOR,CIVIL DEFENSE,RETAIL,HEALTH SCIENCES/PHARMACEUTICALS,TRANSPORTATION",ePACK150325A - COZY MALWARE.ARB,NA,FINANCIAL GAIN,NA,18 Apr 20
eCTA141111B,eCTA,DARKHOTEL CAMPAIGN TARGETING HIGH PROFILE BUSINESS AND GOVERNMENT PERSONNEL ,ESPIONAGE,RECOMMENDED,WHITE,"FIREWALL LOGS,NETWORK INTRUSION DETECTION LOGS,PROXY SERVER LOGS,FIREWALL LOGS,WINDOWS SECURITY LOGS,VULNERABILITY SCANNER LOGS,HOST INTRUSION DETECTION LOGS,EMAIL GATEWAY LOGS ","ENERGY AND RESOURCES,PUBLIC SECTOR,CIVIL DEFENSE",ePACK141111B - DARKHOTEL CAMPAIGN TARGETING HIGH PROFILE BUSINESS AND GOVERNMENT PERSONNEL.ARB,NA,FINANCIAL GAIN,NA,18 Apr 20
eCTA150401A,eCTA,VOLATILE CEDAR STEALS SENSITIVE DATA ,"ESPIONAGE,FINANCIAL LOSS",RECOMMENDED,WHITE,"HOST INTRUSION DETECTION LOGS,WINDOWS SECURITY LOGS,PROXY SERVER LOGS,FIREWALL LOGS","FINANCIAL SERVICES,ENERGY AND RESOURCES,PUBLIC SECTOR,CIVIL DEFENSE,RETAIL,HEALTH SCIENCES/PHARMACEUTICALS,TRANSPORTATION",ePACK150401A - VOLATILE CEDAR STEALS SENSITIVE DATA.ARB,NA,FINANCIAL GAIN,NA,18 Apr 20
eCTA150402A,eCTA,LAZIOK MALWARE TARGETS ENERGY SECTOR ,"ESPIONAGE,FINANCIAL LOSS",RECOMMENDED,WHITE,"HOST INTRUSION DETECTION LOGS,WINDOWS SECURITY LOGS,PROXY SERVER LOGS,FIREWALL LOGS","FINANCIAL SERVICES,ENERGY AND RESOURCES,PUBLIC SECTOR,CIVIL DEFENSE,RETAIL,HEALTH SCIENCES/PHARMACEUTICALS,TRANSPORTATION",ePACK150402A - LAZIOK MALWARE TARGETS ENERGY SECTOR.ARB,NA,FINANCIAL GAIN,NA,18 Apr 20
eCTA150406A,eCTA,CHTHONIC TROJAN TARGETS FINANCIAL INSTITUTIONS ,"ESPIONAGE,FINANCIAL LOSS,DISRUPTION",RECOMMENDED,WHITE,"HOST INTRUSION DETECTION LOGS,PROXY SERVER LOGS,FIREWALL LOGS,ANTIVIRUS LOGS,WINDOWS SECURITY LOGS,VULNERABILITY SCANNER LOGS,EMAIL GATEWAY LOGS","FINANCIAL SERVICES,ENERGY AND RESOURCES,PUBLIC SECTOR,CIVIL DEFENSE,RETAIL,HEALTH SCIENCES/PHARMACEUTICALS,TRANSPORTATION",ePACK150406A - CHTHONIC TROJAN TARGETS FINANCIAL INSTITUTIONS. ARB,NA,FINANCIAL GAIN,NA,18 Apr 20
eCTA150408A,eCTA,WINNTI TARGETS GAMING INDUSTRY ,"ESPIONAGE,FINANCIAL LOSS",DEPLOYED,WHITE,"EMAIL GATEWAY LOGS,HOST INTRUSION DETECTION LOGS,HOST INTRUSION DETECTION LOGS,WINDOWS SECURITY LOGS,FIREWALL LOGS,PROXY SERVER LOGS","FINANCIAL SERVICES,ENERGY AND RESOURCES,PUBLIC SECTOR,CIVIL DEFENSE,RETAIL,HEALTH SCIENCES/PHARMACEUTICALS,TRANSPORTATION",ePACK150408A - WINNTI TARGETS GAMING INDUSTRY.ARB,NA,FINANCIAL GAIN,NA,18 Apr 20
eCTA150407A,eCTA,CRYPVAULT_RANSOMWARE ,"FINANCIAL LOSS,DISRUPTION",DEPLOYED,WHITE,"NETWORK INTRUSION DETECTION LOGS,HOST INTRUSION DETECTION LOGS,PROXY SERVER LOGS,WINDOWS SECURITY LOGS,EMAIL GATEWAY LOGS","FINANCIAL SERVICES,ENERGY AND RESOURCES,PUBLIC SECTOR,CIVIL DEFENSE,RETAIL,HEALTH SCIENCES/PHARMACEUTICALS,TRANSPORTATION",ePACK150407A - CRYPVAULT RANSOMWARE.ARB,NA,FINANCIAL GAIN,NA,18 Apr 20
eCTA150413A,eCTA,KRIPTOVOR RANSOMWARE ,"FINANCIAL LOSS,DISRUPTION",DEPLOYED,WHITE,"EMAIL GATEWAY LOGS,HOST INTRUSION DETECTION LOGS,ANTIVIRUS LOGS,WINDOWS SECURITY LOGS,FIREWALL LOGS,PROXY SERVER LOGS","FINANCIAL SERVICES,ENERGY AND RESOURCES,PUBLIC SECTOR,CIVIL DEFENSE,RETAIL,HEALTH SCIENCES/PHARMACEUTICALS,TRANSPORTATION",ePACK150413A - KRIPTOVOR RANSOMWARE .ARB,NA,FINANCIAL GAIN,NA,18 Apr 20
eCTA150409B,eCTA,AAEH DOWNLOADERS TARGET WINDOWS SYSTEMS ,"ESPIONAGE,FINANCIAL LOSS,DISRUPTION",DEPLOYED,WHITE,"HOST INTRUSION DETECTION LOGS,PROXY SERVER LOGS,WINDOWS SECURITY LOGS,ANTIVIRUS LOGS,EMAIL GATEWAY LOGS","FINANCIAL SERVICES,ENERGY AND RESOURCES,PUBLIC SECTOR,CIVIL DEFENSE,RETAIL,HEALTH SCIENCES/PHARMACEUTICALS,TRANSPORTATION",ePACK150409B - AAEH DOWNLOADERS TARGET WINDOWS SYSTEMS .ARB,NA,FINANCIAL GAIN,NA,18 Apr 20
eCTA150410A,eCTA,"SSHPSYCHOS TARGETS INTERNET-FACING SSH SYSTEMS (TAGS: UNIX, LINUX, DMZ, SSH)",DISRUPTION,DEPLOYED,WHITE,"PROXY SERVER LOGS,FIREWALL LOGS,PROXY SERVER LOGS","FINANCIAL SERVICES,ENERGY AND RESOURCES,PUBLIC SECTOR,CIVIL DEFENSE,RETAIL,HEALTH SCIENCES/PHARMACEUTICALS,TRANSPORTATION",ePACK150410A - SSHPSYCHOS TARGETS INTERNET-FACING SSH SYSTEMS .ARB,NA,FINANCIAL GAIN,NA,18 Apr 20
eCTA150414A,eCTA,SIMDA MALWARE TARGETS WINDOWS SYSTEMS ,FINANCIAL LOSS,DEPLOYED,WHITE,"NETWORK INTRUSION DETECTION LOGS,HOST INTRUSION DETECTION LOGS,FIREWALL LOGS,WINDOWS SECURITY LOGS,HOST INTRUSION DETECTION LOGS,FIREWALL LOGS,VULNERABILITY SCANNER LOGS,EMAIL GATEWAY LOGS ","FINANCIAL SERVICES,ENERGY AND RESOURCES,PUBLIC SECTOR,CIVIL DEFENSE,RETAIL,HEALTH SCIENCES/PHARMACEUTICALS,TRANSPORTATION",ePACK150414A - SIMDA MALWARE TARGETS WINDOWS SYSTEMS .ARB,NA,FINANCIAL GAIN,NA,18 Apr 20
eCTA070115C,eCTA,EMOTET MALWARE CAMPAIGN ,"FINANCIAL LOSS,DISRUPTION",DEPLOYED,WHITE,"EMAIL GATEWAY LOGS,PROXY SERVER LOGS,ANTIVIRUS LOGS,HOST INTRUSION DETECTION LOGS,NETWORK INTRUSION DETECTION LOGS,DATA LOSS PREVENTION LOGS",FINANCIAL SERVICES,ePACK070115C - EMOTET MALWARE CAMPAIGN .ARB,NA,FINANCIAL GAIN,NA,18 Apr 20
eCTA150421A,eCTA,RUSSIAN HACKER GROUP TARGETS EASTERN EUROPEAN GOVERNMENTS ,ESPIONAGE,IN REVIEW,WHITE,"NETWORK INTRUSION DETECTION LOGS,HOST INTRUSION DETECTION LOGS,PROXY SERVER LOGS,FIREWALL LOGS,WINDOWS SECURITY LOGS,ANTIVIRUS LOGS,VULNERABILITY SCANNER LOGS,EMAIL GATEWAY LOGS ","PUBLIC SECTOR,CIVIL DEFENSE",ePACK150421A - RUSSIAN HACKER GROUP TARGETS EASTERN EUROPEAN GOVERNMENTS .ARB,NA,FINANCIAL GAIN,NA,18 Apr 20
eCTA150423A,eCTA,TEMPEDREVE BOTNET ,"ESPIONAGE,FINANCIAL LOSS",IN REVIEW,WHITE,"EMAIL GATEWAY LOGS,HOST INTRUSION DETECTION LOGS,ANTIVIRUS LOGS,WINDOWS SECURITY LOGS","FINANCIAL SERVICES,ENERGY AND RESOURCES,PUBLIC SECTOR,CIVIL DEFENSE,RETAIL,HEALTH SCIENCES/PHARMACEUTICALS,TRANSPORTATION",ePACK150423A - TEMPEDREVE BOTNET .ARB,NA,FINANCIAL GAIN,NA,18 Apr 20
eCTA150424A,eCTA,COZYDUKE TARGETS GOVERNMENTS ,"ESPIONAGE,FINANCIAL LOSS",RECOMMENDED,WHITE,"HOST INTRUSION DETECTION LOGS,PROXY SERVER LOGS,FIREWALL LOGS,WINDOWS SECURITY LOGS,EMAIL GATEWAY LOGS","FINANCIAL SERVICES,ENERGY AND RESOURCES,PUBLIC SECTOR,CIVIL DEFENSE,RETAIL,HEALTH SCIENCES/PHARMACEUTICALS,TRANSPORTATION",ePACK150424A - COZYDUKE TARGETS GOVERNMENTS .ARB,NA,FINANCIAL GAIN,NA,18 Apr 20
eCTA150327B,eCTA,SLAVE BANKING TROJAN  ,FINANCIAL LOSS,RECOMMENDED,WHITE,"EMAIL GATEWAY LOGS,FIREWALL LOGS,HOST INTRUSION DETECTION LOGS,WINDOWS SECURITY LOGS,PROXY SERVER LOGS",FINANCIAL SERVICES,ePACK150327B - SLAVE BANKING TROJAN REV B .ARB,NA,FINANCIAL GAIN,NA,18 Apr 20
eCTA150420B,eCTA,FIESTA EXPLOIT KIT TARGETS NUMBER OF VULNERABILITIES ,"ESPIONAGE,FINANCIAL LOSS,DISRUPTION",RECOMMENDED,WHITE,"NETWORK INTRUSION DETECTION LOGS,HOST INTRUSION DETECTION LOGS,ANTIVIRUS LOGS,HOST INTRUSION DETECTION LOGS,FIREWALL LOGS,PROXY SERVER LOGS,VULNERABILITY SCANNER LOGS","FINANCIAL SERVICES,ENERGY AND RESOURCES,PUBLIC SECTOR,CIVIL DEFENSE,RETAIL,HEALTH SCIENCES/PHARMACEUTICALS,TRANSPORTATION",ePACK150420B - FIESTA EXPLOIT KIT TARGETS NUMBER OF VULNERABILITIES .ARB,NA,FINANCIAL GAIN,NA,18 Apr 20
eCTA150501A,eCTA,DALEXIS DOWNLOADER DELIVERS MALWARE,"FINANCIAL LOSS,DISRUPTION",IN REVIEW,WHITE,"EMAIL GATEWAY LOGS,PROXY SERVER LOGS,ANTIVIRUS LOGS,WINDOWS SECURITY LOGS,NETWORK INTRUSION DETECTION LOGS","FINANCIAL SERVICES,ENERGY AND RESOURCES,PUBLIC SECTOR,CIVIL DEFENSE,RETAIL,HEALTH SCIENCES/PHARMACEUTICALS,TRANSPORTATION",ePACK150501A - DALEXIS DOWNLOADER DELIVERS MALWARE.ARB,NA,FINANCIAL GAIN,NA,18 Apr 20
eCTA150430A,eCTA,BEDEP TARGETS WINDOWS SYSTEMS,"ESPIONAGE,FINANCIAL LOSS",IN REVIEW,WHITE,"NETWORK INTRUSION DETECTION LOGS,FIREWALL LOGS,WINDOWS SECURITY LOGS,HOST INTRUSION DETECTION LOGS,VULNERABILITY SCANNER LOGS","FINANCIAL SERVICES,ENERGY AND RESOURCES,PUBLIC SECTOR,CIVIL DEFENSE,RETAIL,HEALTH SCIENCES/PHARMACEUTICALS,TRANSPORTATION",ePACK150430A - BEDEP TARGETS WINDOWS SYSTEMS.ARB,NA,FINANCIAL GAIN,NA,18 Apr 20
eCTA150505A,eCTA,ROMBERTIK SPYWARE STEALS SENSITIVE DATA,"ESPIONAGE,FINANCIAL LOSS,DISRUPTION",DEPLOYED,WHITE,"EMAIL GATEWAY LOGS,HOST INTRUSION DETECTION LOGS,ANTIVIRUS LOGS,PROXY SERVER LOGS","FINANCIAL SERVICES,ENERGY AND RESOURCES,PUBLIC SECTOR,CIVIL DEFENSE,RETAIL,HEALTH SCIENCES/PHARMACEUTICALS,TRANSPORTATION",ePACK150505A - ROMBERTIK SPYWARE STEALS SENSITIVE DATA.ARB,NA,FINANCIAL GAIN,NA,18 Apr 20
eCTA150507A,eCTA,UROBUROS CYBER ESPIONAGE CAMPAIGN TARGETS GOVERNMENTS,ESPIONAGE,DEPLOYED,WHITE,"EMAIL GATEWAY LOGS,VULNERABILITY SCANNER LOGS,HOST INTRUSION DETECTION LOGS,ANTIVIRUS LOGS,WINDOWS SECURITY LOGS,FIREWALL LOGS,PROXY SERVER LOGS","PUBLIC SECTOR,CIVIL DEFENSE,HEALTH SCIENCES/PHARMACEUTICALS",ePACK150507A - UROBUROS CYBER ESPIONAGE CAMPAIGN TARGETS GOVERNMENTS.ARB,NA,FINANCIAL GAIN,NA,18 Apr 20
eCTA150204D,eCTA,VAWTRAK TARGETING FINANCIAL INSTITUTIONS ,FINANCIAL LOSS,DEPLOYED,WHITE,"NETWORK INTRUSION DETECTION LOGS,HOST INTRUSION DETECTION LOGS,FIREWALL LOGS,WINDOWS SECURITY LOGS,ANTIVIRUS LOGS,EMAIL GATEWAY LOGS,VULNERABILITY SCANNER LOGS","FINANCIAL SERVICES,ENERGY AND RESOURCES,PUBLIC SECTOR,CIVIL DEFENSE,RETAIL,HEALTH SCIENCES/PHARMACEUTICALS,TRANSPORTATION",ePACK150204D - VAWTRAK TARGETING FINANCIAL INSTITUTIONS .ARB,NA,FINANCIAL GAIN,NA,18 Apr 20
eCTA150318B,eCTA,NUCLEAR EK DELIVERS KELIHOS MALWARE,"FINANCIAL LOSS,DISRUPTION",RECOMMENDED,WHITE,"VULNERABILITY SCANNER LOGS,PROXY SERVER LOGS,FIREWALL LOGS,HOST INTRUSION DETECTION LOGS,ANTIVIRUS LOGS,WINDOWS SECURITY LOGS","FINANCIAL SERVICES,ENERGY AND RESOURCES,PUBLIC SECTOR,CIVIL DEFENSE,RETAIL,HEALTH SCIENCES/PHARMACEUTICALS,TRANSPORTATION",ePACK150318B - NUCLEAR EK DELIVERS KELIHOS MALWARE.ARB,NA,FINANCIAL GAIN,NA,18 Apr 20
eCTA150513A,eCTA,BUBLIK DOWNLOADER TROJAN TARGETS WINDOWS SYSTEMS,"ESPIONAGE,FINANCIAL LOSS,DISRUPTION",RECOMMENDED,WHITE,"HOST INTRUSION DETECTION LOGS,NETWORK INTRUSION DETECTION LOGS,ANTIVIRUS LOGS,WINDOWS SECURITY LOGS,FIREWALL LOGS,PROXY SERVER LOGS","FINANCIAL SERVICES,ENERGY AND RESOURCES,PUBLIC SECTOR,CIVIL DEFENSE,RETAIL,HEALTH SCIENCES/PHARMACEUTICALS,TRANSPORTATION",ePACK150513A - BUBLIK DOWNLOADER TROJAN TARGETS WINDOWS SYSTEMS.ARB,NA,FINANCIAL GAIN,NA,18 Apr 20
eCTA150514A,eCTA,XTREME RAT TARGETS GOVERNMENTS,"ESPIONAGE,FINANCIAL LOSS,DISRUPTION",RECOMMENDED,WHITE,"HOST INTRUSION DETECTION LOGS,PROXY SERVER LOGS,FIREWALL LOGS,WINDOWS SECURITY LOGS,EMAIL GATEWAY LOGS","FINANCIAL SERVICES,ENERGY AND RESOURCES,PUBLIC SECTOR,CIVIL DEFENSE,RETAIL,HEALTH SCIENCES/PHARMACEUTICALS,TRANSPORTATION",ePACK150514A - XTREME RAT TARGETS GOVERNMENTS.ARB,NA,FINANCIAL GAIN,NA,18 Apr 20
eCTA141114M,eCTA,DYRE TROJAN BASED PHISHING CAMPAIGN TARGETING FINANCIAL INSTITUTIONS,"ESPIONAGE,FINANCIAL LOSS,DISRUPTION",RECOMMENDED,WHITE,"VULNERABILITY SCANNER LOGS,HOST INTRUSION DETECTION LOGS,PROXY SERVER LOGS,ANTIVIRUS LOGS,WEB APPLICATION LOGS,WINDOWS SECURITY LOGS,FIREWALL LOGS,DATA LOSS PREVENTION LOGS,NETWORK INTRUSION DETECTION LOGS","FINANCIAL SERVICES,ENERGY AND RESOURCES,PUBLIC SECTOR,CIVIL DEFENSE,RETAIL,HEALTH SCIENCES/PHARMACEUTICALS,TRANSPORTATION",ePACK141114M - DYRE TROJAN BASED PHISHING CAMPAIGN TARGETING FINANCIAL INSTITUTIONS.ARB,NA,FINANCIAL GAIN,NA,18 Apr 20
eCTA150106E,eCTA,DRIDEX TROJAN TARGETS FINANCIAL INSTITUTIONS,FINANCIAL LOSS,RECOMMENDED,WHITE,"FIREWALL LOGS,NETWORK INTRUSION DETECTION LOGS,HOST INTRUSION DETECTION LOGS,FIREWALL LOGS,ANTIVIRUS LOGS,EMAIL GATEWAY LOGS",FINANCIAL SERVICES,ePACK150106E - DRIDEX TROJAN TARGETS FINANCIAL INSTITUTIONS.ARB,NA,FINANCIAL GAIN,NA,18 Apr 20
eCTA050315B,eCTA,FAREIT TROJAN STEALS SENSITIVE INFORMATION,"ESPIONAGE,FINANCIAL LOSS,DISRUPTION",DEPLOYED,WHITE,"EMAIL GATEWAY LOGS,PROXY SERVER LOGS,FIREWALL LOGS,HOST INTRUSION DETECTION LOGS","FINANCIAL SERVICES,ENERGY AND RESOURCES,PUBLIC SECTOR,CIVIL DEFENSE,RETAIL,HEALTH SCIENCES/PHARMACEUTICALS,TRANSPORTATION",ePACK050315B - FAREIT TROJAN STEALS SENSITIVE INFORMATION.ARB,NA,FINANCIAL GAIN,NA,18 Apr 20
eCTA150519A,eCTA,DEPUTY DOG CYBER THREAT GROUP,"ESPIONAGE,FINANCIAL LOSS,DISRUPTION",DEPLOYED,WHITE,"HOST INTRUSION DETECTION LOGS,PROXY SERVER LOGS,FIREWALL LOGS,ANTIVIRUS LOGS,EMAIL GATEWAY LOGS","FINANCIAL SERVICES,ENERGY AND RESOURCES,PUBLIC SECTOR,CIVIL DEFENSE,RETAIL,HEALTH SCIENCES/PHARMACEUTICALS,TRANSPORTATION",ePACK150519A - DEPUTY DOG CYBER THREAT GROUP.ARB,NA,ESPIONAGE,NA,18 Apr 20
eCTA150521A,eCTA,MALPUTTY STEALS USER�S SSH CREDENTIALS,"ESPIONAGE,FINANCIAL LOSS,DISRUPTION",DEPLOYED,WHITE,"EMAIL GATEWAY LOGS,PROXY SERVER LOGS,ANTIVIRUS LOGS,FIREWALL LOGS,HOST INTRUSION DETECTION LOGS","FINANCIAL SERVICES,ENERGY AND RESOURCES,PUBLIC SECTOR,CIVIL DEFENSE,RETAIL,HEALTH SCIENCES/PHARMACEUTICALS,TRANSPORTATION",ePACK150521A - MALPUTTY STEALS USER�S SSH CREDENTIALS.ARB,NA,ESPIONAGE,NA,18 Apr 20
eCTA150304C,eCTA,ANGLER EXPLOIT KIT,"ESPIONAGE,FINANCIAL LOSS,DISRUPTION",DEPLOYED,WHITE,"NETWORK INTRUSION DETECTION LOGS,HOST INTRUSION DETECTION LOGS,PROXY SERVER LOGS,FIREWALL LOGS,ANTIVIRUS LOGS,VULNERABILITY SCANNER LOGS","FINANCIAL SERVICES,ENERGY AND RESOURCES,PUBLIC SECTOR,CIVIL DEFENSE,RETAIL,HEALTH SCIENCES/PHARMACEUTICALS,TRANSPORTATION",ePACK150304C - ANGLER EXPLOIT KIT.ARB,NA,ESPIONAGE,NA,18 Apr 20
eCTA150527A,eCTA,TOX DISTRIBUTES RANSOMWARE AS A SERVICE ,"FINANCIAL LOSS,DISRUPTION",DEPLOYED,WHITE,"EMAIL GATEWAY LOGS,HOST INTRUSION DETECTION LOGS,WINDOWS SECURITY LOGS,PROXY SERVER LOGS,ANTIVIRUS LOGS","FINANCIAL SERVICES,ENERGY AND RESOURCES,PUBLIC SECTOR,CIVIL DEFENSE,RETAIL,HEALTH SCIENCES/PHARMACEUTICALS,TRANSPORTATION",ePACK150527A - TOX DISTRIBUTES RANSOMWARE AS A SERVICE .ARB,NA,FINANCIAL GAIN,NA,18 Apr 20
eCTA150603A,eCTA,MAGNITUDE EXPLOIT KIT DISTRIBUTES MALWARE AS A SERVICE ,"ESPIONAGE,FINANCIAL LOSS,DISRUPTION",DEPLOYED,WHITE,"HOST INTRUSION DETECTION LOGS,PROXY SERVER LOGS,FIREWALL LOGS,LAYER 7 NETWORK FORESIC LOGS,ANTIVIRUS LOGS,EMAIL GATEWAY LOGS,VULNERABILITY SCANNER LOGS","FINANCIAL SERVICES,ENERGY AND RESOURCES,PUBLIC SECTOR,CIVIL DEFENSE,RETAIL,HEALTH SCIENCES/PHARMACEUTICALS,TRANSPORTATION",ePACK150603A - MAGNITUDE EXPLOIT KIT DISTRIBUTES MALWARE AS A SERVICE .ARB,NA,FINANCIAL GAIN,NA,18 Apr 20
eCTA150604A,eCTA,GRABIT CAMPAIGN TARGETS SMBS ,"ESPIONAGE,FINANCIAL LOSS,DISRUPTION",DEPLOYED,WHITE,"EMAIL GATEWAY LOGS,HOST INTRUSION DETECTION LOGS,ANTIVIRUS LOGS,FIREWALL LOGS","FINANCIAL SERVICES,ENERGY AND RESOURCES,PUBLIC SECTOR,CIVIL DEFENSE,RETAIL,HEALTH SCIENCES/PHARMACEUTICALS,TRANSPORTATION",ePACK150604A - GRABIT CAMPAIGN TARGETS SMBS .ARB,NA,ESPIONAGE,NA,18 Apr 20
eCTA150604A,eCTA,NOVOKL TROJAN TARGETS FINANCIAL INSTITUTIONS ,"ESPIONAGE,FINANCIAL LOSS",IN REVIEW,WHITE,"HOST INTRUSION DETECTION LOGS,PROXY SERVER LOGS,FIREWALL LOGS,LAYER 7 NETWORK FORESIC LOGS,ANTIVIRUS LOGS,EMAIL GATEWAY LOGS",FINANCIAL SERVICES,ePACK150604A - NOVOKL TROJAN TARGETS FINANCIAL INSTITUTIONS .ARB,NA,FINANCIAL GAIN,NA,18 Apr 20
eCTA150605A,eCTA,ROCKET KITTEN ATTACK GROUP TARGETS ISRAELI AND EUROPEAN FIRMS ,"ESPIONAGE,FINANCIAL LOSS",IN REVIEW,WHITE,"EMAIL GATEWAY LOGS,LAYER 7 NETWORK FORESIC LOGS,HOST INTRUSION DETECTION LOGS,ANTIVIRUS LOGS,WINDOWS SECURITY LOGS,FIREWALL LOGS","FINANCIAL SERVICES,ENERGY AND RESOURCES,PUBLIC SECTOR,CIVIL DEFENSE,RETAIL,HEALTH SCIENCES/PHARMACEUTICALS,TRANSPORTATION",ePACK150605A - ROCKET KITTEN ATTACK GROUP TARGETS ISRAELI AND EUROPEAN FIRMS .ARB,NA,ESPIONAGE,NA,18 Apr 20
eCTA150605A,eCTA,TROLDESH RANSOMWARE ,"FINANCIAL LOSS,DISRUPTION",RECOMMENDED,WHITE,"HOST INTRUSION DETECTION LOGS,FIREWALL LOGS,HOST INTRUSION DETECTION LOGS,LAYER 7 NETWORK FORESIC LOGS,WINDOWS SECURITY LOGS,EMAIL GATEWAY LOGS","FINANCIAL SERVICES,ENERGY AND RESOURCES,PUBLIC SECTOR,CIVIL DEFENSE,RETAIL,HEALTH SCIENCES/PHARMACEUTICALS,TRANSPORTATION",ePACK150605A - TROLDESH RANSOMWARE .ARB,NA,FINANCIAL GAIN,NA,18 Apr 20
eCTA150608A,eCTA,SAKURA AND FF RAT MALWARE CAMPAIGN USED TO STEAL PERSONAL IDENTIFIABLE INFORMATION (PII) ,"ESPIONAGE,FINANCIAL LOSS,DISRUPTION",RECOMMENDED,WHITE,"EMAIL GATEWAY LOGS,LAYER 7 NETWORK FORESIC LOGS,HOST INTRUSION DETECTION LOGS,ANTIVIRUS LOGS,PROXY SERVER LOGS","FINANCIAL SERVICES,ENERGY AND RESOURCES,PUBLIC SECTOR,CIVIL DEFENSE,RETAIL,HEALTH SCIENCES/PHARMACEUTICALS,TRANSPORTATION",ePACK150608A - SAKURA AND FF RAT MALWARE CAMPAIGN USED TO STEAL PERSONAL IDENTIFIABLE INFORMATION (PII) .ARB,NA,ESPIONAGE,NA,18 Apr 20
eCTA150609A,eCTA,THAMAR RESERVOIR CAMPAIGN TARGETS THE MIDDLE EAST REGION ,"ESPIONAGE,FINANCIAL LOSS",RECOMMENDED,WHITE,"HOST INTRUSION DETECTION LOGS,LAYER 7 NETWORK FORESIC LOGS,WINDOWS SECURITY LOGS,ANTIVIRUS LOGS,EMAIL GATEWAY LOGS","FINANCIAL SERVICES,ENERGY AND RESOURCES,PUBLIC SECTOR,CIVIL DEFENSE",ePACK150609A - THAMAR RESERVOIR CAMPAIGN TARGETS THE MIDDLE EAST REGION .ARB,NA,ESPIONAGE,NA,18 Apr 20
eCTA150610A,eCTA,QADARS MALWARE TARGETS CANADIAN FINANCIAL INSTITUTIONS ,"ESPIONAGE,FINANCIAL LOSS",IN REVIEW,WHITE,"LAYER 7 NETWORK FORESIC LOGS,WINDOWS SECURITY LOGS,PROXY SERVER LOGS,FIREWALL LOGS,HOST INTRUSION DETECTION LOGS",FINANCIAL SERVICES,ePACK150610A - QADARS MALWARE TARGETS CANADIAN FINANCIAL INSTITUTIONS .ARB,NA,FINANCIAL GAIN,NA,18 Apr 20
eCTA141112P,eCTA,POS MALWARE ROLLUP ACCELERATOR (UPDATED FOR MALUMPOS MALWARE),FINANCIAL LOSS,IN REVIEW,WHITE,"FIREWALL LOGS,EMAIL GATEWAY LOGS,PROXY SERVER LOGS,NETWORK INTRUSION DETECTION LOGS,WINDOWS SECURITY LOGS,HOST INTRUSION DETECTION LOGS,ANTIVIRUS LOGS","RETAIL,HEALTH SCIENCES/PHARMACEUTICALS",ePACK141112P - POS MALWARE ROLLUP ACCELERATOR (UPDATED FOR MALUMPOS MALWARE).ARB,NA,FINANCIAL GAIN,NA,18 Apr 20
eCTA150615A,eCTA,DUQU 2.0 USED FOR INTERNATIONAL ESPIONAGE ,ESPIONAGE,DEPLOYED,WHITE,"VULNERABILITY SCANNER LOGS,EMAIL GATEWAY LOGS,HOST INTRUSION DETECTION LOGS,ANTIVIRUS LOGS,FIREWALL LOGS,NETWORK INTRUSION DETECTION LOGS","ENERGY AND RESOURCES,PUBLIC SECTOR,CIVIL DEFENSE",ePACK150615A - DUQU 2.0 USED FOR INTERNATIONAL ESPIONAGE .ARB,NA,ESPIONAGE,NA,18 Apr 20
eCTA150616A,eCTA,NECURS MALWARE ,"ESPIONAGE,FINANCIAL LOSS,DISRUPTION",DEPLOYED,WHITE,"PROXY SERVER LOGS,FIREWALL LOGS,LAYER 7 NETWORK FORESIC LOGS,WINDOWS SECURITY LOGS,HOST INTRUSION DETECTION LOGS,EMAIL GATEWAY LOGS","FINANCIAL SERVICES,ENERGY AND RESOURCES,PUBLIC SECTOR,CIVIL DEFENSE,RETAIL,HEALTH SCIENCES/PHARMACEUTICALS,TRANSPORTATION",ePACK150616A - NECURS MALWARE .ARB,NA,DISRUPTION,NA,18 Apr 20
eCTA150617A,eCTA,SCANBOX USED FOR RECONNAISSANCE,"ESPIONAGE,FINANCIAL LOSS,DISRUPTION",DEPLOYED,WHITE,"EMAIL GATEWAY LOGS,FIREWALL LOGS,LAYER 7 NETWORK FORESIC LOGS,HOST INTRUSION DETECTION LOGS,PROXY SERVER LOGS,NETWORK INTRUSION DETECTION LOGS","FINANCIAL SERVICES,ENERGY AND RESOURCES,PUBLIC SECTOR,CIVIL DEFENSE,RETAIL,HEALTH SCIENCES/PHARMACEUTICALS,TRANSPORTATION",ePACK150617A - SCANBOX USED FOR RECONNAISSANCE.ARB,NA,ESPIONAGE,NA,18 Apr 20
eCTA150618A,eCTA,LETHIC SPAMBOT USED FOR PHISHING,"FINANCIAL LOSS,DISRUPTION",RECOMMENDED,WHITE,"NETWORK INTRUSION DETECTION LOGS,HOST INTRUSION DETECTION LOGS,FIREWALL LOGS,LAYER 7 NETWORK FORESIC LOGS,WINDOWS SECURITY LOGS,ANTIVIRUS LOGS,EMAIL GATEWAY LOGS","FINANCIAL SERVICES,ENERGY AND RESOURCES,PUBLIC SECTOR,CIVIL DEFENSE,RETAIL,HEALTH SCIENCES/PHARMACEUTICALS,TRANSPORTATION",ePACK150618A - LETHIC SPAMBOT USED FOR PHISHING.ARB,NA,FINANCIAL GAIN,NA,18 Apr 20
eCTA150622A,eCTA,SIMLOSAP RANSOMWARE,"FINANCIAL LOSS,DISRUPTION",RECOMMENDED,WHITE,"EMAIL GATEWAY LOGS,LAYER 7 NETWORK FORESIC LOGS,HOST INTRUSION DETECTION LOGS,ANTIVIRUS LOGS,WINDOWS SECURITY LOGS,PROXY SERVER LOGS","FINANCIAL SERVICES,ENERGY AND RESOURCES,PUBLIC SECTOR,CIVIL DEFENSE,RETAIL,HEALTH SCIENCES/PHARMACEUTICALS,TRANSPORTATION",ePACK150622A - SIMLOSAP RANSOMWARE.ARB,NA,FINANCIAL GAIN,NA,18 Apr 20
eCTA150623A,eCTA,OPERATION LOTUS BLOSSOM TARGETS SOUTH EAST ASIA,"ESPIONAGE,FINANCIAL LOSS,DISRUPTION",RECOMMENDED,WHITE,"NETWORK INTRUSION DETECTION LOGS,HOST INTRUSION DETECTION LOGS,PROXY SERVER LOGS,FIREWALL LOGS,LAYER 7 NETWORK FORESIC LOGS,WINDOWS SECURITY LOGS,EMAIL GATEWAY LOGS,VULNERABILITY SCANNER LOGS","FINANCIAL SERVICES,ENERGY AND RESOURCES,PUBLIC SECTOR,CIVIL DEFENSE,RETAIL,HEALTH SCIENCES/PHARMACEUTICALS,TRANSPORTATION",ePACK150623A - OPERATION LOTUS BLOSSOM TARGETS SOUTH EAST ASIA.ARB,NA,ESPIONAGE,NA,18 Apr 20
eCTA150326B,eCTA,OLDCARP INTRUSION MALWARE,"ESPIONAGE,FINANCIAL LOSS",RECOMMENDED,WHITE,"EMAIL GATEWAY LOGS,VULNERABILITY SCANNER LOGS,LAYER 7 NETWORK FORESIC LOGS,FIREWALL LOGS,PROXY SERVER LOGS,HOST INTRUSION DETECTION LOGS","FINANCIAL SERVICES,ENERGY AND RESOURCES,PUBLIC SECTOR,CIVIL DEFENSE,RETAIL,HEALTH SCIENCES/PHARMACEUTICALS,TRANSPORTATION",ePACK150326B - OLDCARP INTRUSION MALWARE.ARB,NA,ESPIONAGE,NA,18 Apr 20
eCTA150629A,eCTA,ANGLER EK DISTRIBUTES BUNITU TROJAN,"ESPIONAGE,FINANCIAL LOSS,DISRUPTION",RECOMMENDED,WHITE,"NETWORK INTRUSION DETECTION LOGS,ANTIVIRUS LOGS,HOST INTRUSION DETECTION LOGS,FIREWALL LOGS,PROXY SERVER LOGS,EMAIL GATEWAY LOGS,VULNERABILITY SCANNER LOGS","FINANCIAL SERVICES,ENERGY AND RESOURCES,PUBLIC SECTOR,CIVIL DEFENSE,RETAIL,HEALTH SCIENCES/PHARMACEUTICALS,TRANSPORTATION",ePACK150629A - ANGLER EK DISTRIBUTES BUNITU TROJAN.ARB,NA,FINANCIAL GAIN,NA,18 Apr 20
eCTA150630A,eCTA,HANJUAN EK DISTRIBUTES FOBBER TROJAN,"ESPIONAGE,FINANCIAL LOSS",DEPLOYED,WHITE,"VULNERABILITY SCANNER LOGS,LAYER 7 NETWORK FORESIC LOGS,HOST INTRUSION DETECTION LOGS,PROXY SERVER LOGS,WINDOWS SECURITY LOGS","FINANCIAL SERVICES,ENERGY AND RESOURCES,PUBLIC SECTOR,CIVIL DEFENSE,RETAIL,HEALTH SCIENCES/PHARMACEUTICALS,TRANSPORTATION",ePACK150630A - HANJUAN EK DISTRIBUTES FOBBER TROJAN.ARB,NA,FINANCIAL GAIN,NA,18 Apr 20
eCTA150703A,eCTA,SUNDOWN EK TARGETS FINANCIAL INSTITUTIONS,"ESPIONAGE,FINANCIAL LOSS",DEPLOYED,WHITE,"PROXY SERVER LOGS,HOST INTRUSION DETECTION LOGS,LAYER 7 NETWORK FORESIC LOGS,ANTIVIRUS LOGS,VULNERABILITY SCANNER LOGS","FINANCIAL SERVICES,ENERGY AND RESOURCES,PUBLIC SECTOR,CIVIL DEFENSE,RETAIL,HEALTH SCIENCES/PHARMACEUTICALS,TRANSPORTATION",ePACK150703A - SUNDOWN EK TARGETS FINANCIAL INSTITUTIONS.ARB,NA,FINANCIAL GAIN,NA,18 Apr 20
eCTA150330B,eCTA,NANOCORE RAT TARGETS FINANCIAL INSTITUTIONS,"ESPIONAGE,FINANCIAL LOSS,DISRUPTION",DEPLOYED,WHITE,"EMAIL GATEWAY LOGS,LAYER 7 NETWORK FORESIC LOGS,VULNERABILITY SCANNER LOGS,HOST INTRUSION DETECTION LOGS,ANTIVIRUS LOGS,PROXY SERVER LOGS,FIREWALL LOGS","FINANCIAL SERVICES,ENERGY AND RESOURCES,PUBLIC SECTOR,CIVIL DEFENSE,RETAIL,HEALTH SCIENCES/PHARMACEUTICALS,TRANSPORTATION",ePACK150330B - NANOCORE RAT TARGETS FINANCIAL INSTITUTIONS.ARB,NA,FINANCIAL GAIN,NA,18 Apr 20
eCTA150707A,eCTA,HAWKEYE KEYLOGGER STEALS SENSITIVE DATA,"ESPIONAGE,FINANCIAL LOSS",DEPLOYED,WHITE,"EMAIL GATEWAY LOGS,LAYER 7 NETWORK FORESIC LOGS,HOST INTRUSION DETECTION LOGS,ANTIVIRUS LOGS,WINDOWS SECURITY LOGS,FIREWALL LOGS,PROXY SERVER LOGS,NETWORK INTRUSION DETECTION LOGS","FINANCIAL SERVICES,ENERGY AND RESOURCES,PUBLIC SECTOR,CIVIL DEFENSE,RETAIL,HEALTH SCIENCES/PHARMACEUTICALS,TRANSPORTATION",ePACK150707A - HAWKEYE KEYLOGGER STEALS SENSITIVE DATA.ARB,NA,FINANCIAL GAIN,NA,18 Apr 20
eCTA150708A,eCTA,ZXSHELL RAT USED TO TARGET JAPANESE MEDIA,"ESPIONAGE,FINANCIAL LOSS",DEPLOYED,WHITE,"NETWORK INTRUSION DETECTION LOGS,HOST INTRUSION DETECTION LOGS,LAYER 7 NETWORK FORESIC LOGS,PROXY SERVER LOGS,FIREWALL LOGS,WINDOWS SECURITY LOGS,ANTIVIRUS LOGS,EMAIL GATEWAY LOGS ","FINANCIAL SERVICES,ENERGY AND RESOURCES,PUBLIC SECTOR,CIVIL DEFENSE,RETAIL,HEALTH SCIENCES/PHARMACEUTICALS,TRANSPORTATION",ePACK150708A - ZXSHELL RAT USED TO TARGET JAPANESE MEDIA.ARB,NA,FINANCIAL GAIN,NA,18 Apr 20
eCTA150709A,eCTA,MORPHO ENGAGES IN CORPORATE ESPIONAGE,"ESPIONAGE,FINANCIAL LOSS,DISRUPTION",DEPLOYED,WHITE,"VULNERABILITY SCANNER LOGS,LAYER 7 NETWORK FORESIC LOGS,HOST INTRUSION DETECTION LOGS,ANTIVIRUS LOGS,WINDOWS SECURITY LOGS,FIREWALL LOGS,PROXY SERVER LOGS","FINANCIAL SERVICES,ENERGY AND RESOURCES,PUBLIC SECTOR,CIVIL DEFENSE,RETAIL,HEALTH SCIENCES/PHARMACEUTICALS,TRANSPORTATION",ePACK150709A - MORPHO ENGAGES IN CORPORATE ESPIONAGE.ARB,NA,ESPIONAGE,NA,18 Apr 20
eCTA150710A,eCTA,DYNAMITE PANDA GROUP ENGAGES IN ESPIONAGE,"ESPIONAGE,FINANCIAL LOSS,DISRUPTION",DEPLOYED,WHITE,"NETWORK INTRUSION DETECTION LOGS,HOST INTRUSION DETECTION LOGS,FIREWALL LOGS,PROXY SERVER LOGS,LAYER 7 NETWORK FORESIC LOGS,ANTIVIRUS LOGS,WINDOWS SECURITY LOGS,VULNERABILITY SCANNER LOGS","FINANCIAL SERVICES,ENERGY AND RESOURCES,PUBLIC SECTOR,CIVIL DEFENSE,RETAIL,HEALTH SCIENCES/PHARMACEUTICALS,TRANSPORTATION",ePACK150710A - DYNAMITE PANDA GROUP ENGAGES IN ESPIONAGE.ARB,NA,ESPIONAGE,NA,18 Apr 20
eCTA150709A,eCTA,PE_URSNIF USED FOR POS RECONNAISSANCE,"ESPIONAGE,FINANCIAL LOSS",IN REVIEW,WHITE,"LAYER 7 NETWORK FORESIC LOGS,NETWORK INTRUSION DETECTION LOGS,PROXY SERVER LOGS,HOST INTRUSION DETECTION LOGS","FINANCIAL SERVICES,ENERGY AND RESOURCES,PUBLIC SECTOR,CIVIL DEFENSE,RETAIL,HEALTH SCIENCES/PHARMACEUTICALS,TRANSPORTATION",ePACK150709A - PE_URSNIF USED FOR POS RECONNAISSANCE.ARB,NA,ESPIONAGE,NA,18 Apr 20
eCTA150715A,eCTA,RETEFE TROJAN TARGETS FINANCIAL INSTITUTIONS,"ESPIONAGE,FINANCIAL LOSS",IN REVIEW,WHITE,"ANTIVIRUS LOGS,WINDOWS SECURITY LOGS,LAYER 7 NETWORK FORESIC LOGS,HOST INTRUSION DETECTION LOGS,FIREWALL LOGS","FINANCIAL SERVICES,ENERGY AND RESOURCES,PUBLIC SECTOR,CIVIL DEFENSE,RETAIL,HEALTH SCIENCES/PHARMACEUTICALS,TRANSPORTATION",ePACK150715A - RETEFE TROJAN TARGETS FINANCIAL INSTITUTIONS.ARB,NA,FINANCIAL GAIN,NA,18 Apr 20
eCTA150717A,eCTA,OPERATION PAWN STORM ENGAGES IN ESPIONAGE,ESPIONAGE,RECOMMENDED,WHITE,"NETWORK INTRUSION DETECTION LOGS,HOST INTRUSION DETECTION LOGS,PROXY SERVER LOGS,FIREWALL LOGS,LAYER 7 NETWORK FORESIC LOGS,ANTIVIRUS LOGS,VULNERABILITY SCANNER LOGS","FINANCIAL SERVICES,ENERGY AND RESOURCES,PUBLIC SECTOR,CIVIL DEFENSE,RETAIL,HEALTH SCIENCES/PHARMACEUTICALS,TRANSPORTATION",ePACK150717A - OPERATION PAWN STORM ENGAGES IN ESPIONAGE.ARB,NA,ESPIONAGE,NA,18 Apr 20
eCTA150619B,eCTA,PLUGX CAMPAIGN TARGETS AEROSPACE INDUSTRY,"ESPIONAGE,FINANCIAL LOSS,DISRUPTION",RECOMMENDED,WHITE,"VULNERABILITY SCANNER LOGS,EMAIL GATEWAY LOGS,HOST INTRUSION DETECTION LOGS,ANTIVIRUS LOGS,LAYER 7 NETWORK FORESIC LOGS,PROXY SERVER LOGS,FIREWALL LOGS,NETWORK INTRUSION DETECTION LOGS","FINANCIAL SERVICES,ENERGY AND RESOURCES,PUBLIC SECTOR,CIVIL DEFENSE,RETAIL,HEALTH SCIENCES/PHARMACEUTICALS,TRANSPORTATION",ePACK150619B - PLUGX CAMPAIGN TARGETS AEROSPACE INDUSTRY.ARB,NA,FINANCIAL GAIN,NA,18 Apr 20
eCTA150720A,eCTA,MINIDIONIS ESPIONAGE CAMPAIGN,"ESPIONAGE,FINANCIAL LOSS",RECOMMENDED,WHITE,"NETWORK INTRUSION DETECTION LOGS,HOST INTRUSION DETECTION LOGS,PROXY SERVER LOGS,FIREWALL LOGS,LAYER 7 NETWORK FORESIC LOGS","FINANCIAL SERVICES,ENERGY AND RESOURCES,PUBLIC SECTOR,CIVIL DEFENSE,RETAIL,HEALTH SCIENCES/PHARMACEUTICALS,TRANSPORTATION",ePACK150720A - MINIDIONIS ESPIONAGE CAMPAIGN.ARB,NA,ESPIONAGE,NA,18 Apr 20
eCTA150722A,eCTA,MICROSOFT FONT DRIVER EXPLOIT COMPROMISES WINDOWS SYSTEMS,"ESPIONAGE,FINANCIAL LOSS,DISRUPTION",IN REVIEW,WHITE,"HOST INTRUSION DETECTION LOGS,ANTIVIRUS LOGS,LAYER 7 NETWORK FORESIC LOGS,HOST INTRUSION DETECTION LOGS","FINANCIAL SERVICES,ENERGY AND RESOURCES,PUBLIC SECTOR,CIVIL DEFENSE,RETAIL,HEALTH SCIENCES/PHARMACEUTICALS,TRANSPORTATION",ePACK150722A - MICROSOFT FONT DRIVER EXPLOIT COMPROMISES WINDOWS SYSTEMS.ARB,NA,DISRUPTION,NA,18 Apr 20
eCTA150804A,eCTA,BLACK VINE CYBERESPIONAGE GROUP,"ESPIONAGE,FINANCIAL LOSS,DISRUPTION",IN REVIEW,WHITE,"HOST INTRUSION DETECTION LOGS,PROXY SERVER LOGS,LAYER 7 NETWORK FORESIC LOGS,ANTIVIRUS LOGS,EMAIL GATEWAY LOGS,VULNERABILITY SCANNER LOGS","FINANCIAL SERVICES,ENERGY AND RESOURCES,PUBLIC SECTOR,CIVIL DEFENSE,RETAIL,HEALTH SCIENCES/PHARMACEUTICALS,TRANSPORTATION",ePACK150804A - BLACK VINE CYBERESPIONAGE GROUP.ARB,NA,ESPIONAGE,NA,18 Apr 20
eCTA150727A,eCTA,DARKCOMET RAT USED FOR KEYSTROKE MONITORING AND ESPIONAGE,"ESPIONAGE,FINANCIAL LOSS,DISRUPTION",DEPLOYED,WHITE,"HOST INTRUSION DETECTION LOGS,PROXY SERVER LOGS,LAYER 7 NETWORK FORESIC LOGS,HOST INTRUSION DETECTION LOGS,ANTIVIRUS LOGS,WINDOWS SECURITY LOGS,FIREWALL LOGS","FINANCIAL SERVICES,ENERGY AND RESOURCES,PUBLIC SECTOR,CIVIL DEFENSE,RETAIL,HEALTH SCIENCES/PHARMACEUTICALS,TRANSPORTATION",ePACK150727A - DARKCOMET RAT USED FOR KEYSTROKE MONITORING AND ESPIONAGE.ARB,NA,ESPIONAGE,NA,18 Apr 20
eCTA150806A,eCTA,GOOTKIT TROJAN STEALS SENSITIVE INFORMATION,"ESPIONAGE,FINANCIAL LOSS",DEPLOYED,WHITE,"NETWORK INTRUSION DETECTION LOGS,HOST INTRUSION DETECTION LOGS,PROXY SERVER LOGS,FIREWALL LOGS,LAYER 7 NETWORK FORESIC LOGS,WINDOWS SECURITY LOGS,ANTIVIRUS LOGS,EMAIL GATEWAY LOGS ",FINANCIAL SERVICES,ePACK150806A - GOOTKIT TROJAN STEALS SENSITIVE INFORMATION.ARB,NA,ESPIONAGE,NA,18 Apr 20
eCTA150807A,eCTA,LURID MALWARE STEALS CONFIDENTIAL INFORMATION,"ESPIONAGE,FINANCIAL LOSS",DEPLOYED,WHITE,"LAYER 7 NETWORK FORESIC LOGS,VULNERABILITY SCANNER LOGS,EMAIL GATEWAY LOGS,HOST INTRUSION DETECTION LOGS,ANTIVIRUS LOGS,FIREWALL LOGS,PROXY SERVER LOGS,NETWORK INTRUSION DETECTION LOGS","FINANCIAL SERVICES,PUBLIC SECTOR,CIVIL DEFENSE",ePACK150807A - LURID MALWARE STEALS CONFIDENTIAL INFORMATION.ARB,NA,ESPIONAGE,NA,18 Apr 20
eCTA150810A,eCTA,ALIENSPY RAT FOR STEALTHY ESPIONAGE,"ESPIONAGE,FINANCIAL LOSS",RECOMMENDED,WHITE,"NETWORK INTRUSION DETECTION LOGS,HOST INTRUSION DETECTION LOGS,PROXY SERVER LOGS,FIREWALL LOGS,EMAIL GATEWAY LOGS","FINANCIAL SERVICES,ENERGY AND RESOURCES,PUBLIC SECTOR,CIVIL DEFENSE",ePACK150810A - ALIENSPY RAT FOR STEALTHY ESPIONAGE.ARB,NA,ESPIONAGE,NA,18 Apr 20
eCTA150811A,eCTA,POTAO ESPIONAGE CAMPAIGN,"ESPIONAGE,FINANCIAL LOSS",RECOMMENDED,WHITE,"HOST INTRUSION DETECTION LOGS,LAYER 7 NETWORK FORESIC LOGS,PROXY SERVER LOGS,ANTIVIRUS LOGS,FIREWALL LOGS,NETWORK INTRUSION DETECTION LOGS","FINANCIAL SERVICES,PUBLIC SECTOR,CIVIL DEFENSE",ePACK150811A - POTAO ESPIONAGE CAMPAIGN.ARB,NA,ESPIONAGE,NA,18 Apr 20
eCTA150812A,eCTA,NULLHOLE EXPLOIT KIT,"ESPIONAGE,FINANCIAL LOSS,DISRUPTION",RECOMMENDED,WHITE,"NETWORK INTRUSION DETECTION LOGS,HOST INTRUSION DETECTION LOGS,PROXY SERVER LOGS,LAYER 7 NETWORK FORESIC LOGS,FIREWALL LOGS,VULNERABILITY SCANNER LOGS","FINANCIAL SERVICES,ENERGY AND RESOURCES,PUBLIC SECTOR,CIVIL DEFENSE,RETAIL,HEALTH SCIENCES/PHARMACEUTICALS,TRANSPORTATION",ePACK150812A - NULLHOLE EXPLOIT KIT.ARB,NA,FINANCIAL GAIN,NA,18 Apr 20
eCTA150813A,eCTA,NEVERQUEST FINANCIAL TROJAN,FINANCIAL LOSS,RECOMMENDED,WHITE,"HOST INTRUSION DETECTION LOGS,LAYER 7 NETWORK FORESIC LOGS,FIREWALL LOGS,PROXY SERVER LOGS,ANTIVIRUS LOGS,WINDOWS SECURITY LOGS,NETWORK INTRUSION DETECTION LOGS",FINANCIAL SERVICES,ePACK150813A - NEVERQUEST FINANCIAL TROJAN.ARB,NA,FINANCIAL GAIN,NA,18 Apr 20
eCTA150817A,eCTA,OPERATION KE3CHANG,"ESPIONAGE,FINANCIAL LOSS",RECOMMENDED,WHITE,"NETWORK INTRUSION DETECTION LOGS,PROXY SERVER LOGS,HOST INTRUSION DETECTION LOGS,FIREWALL LOGS,ANTIVIRUS LOGS,EMAIL GATEWAY LOGS,VULNERABILITY SCANNER LOGS,LAYER 7 NETWORK FORESIC LOGS","ENERGY AND RESOURCES,PUBLIC SECTOR,CIVIL DEFENSE",ePACK150817A - OPERATION KE3CHANG.ARB,NA,FINANCIAL GAIN,NA,18 Apr 20
eCTA150818A,eCTA,ZEROACCESS BOTNET UTILIZES PAY PER CLICK ADVERTISING,"FINANCIAL LOSS,DISRUPTION",DEPLOYED,WHITE,"VULNERABILITY SCANNER LOGS,HOST INTRUSION DETECTION LOGS,WINDOWS SECURITY LOGS,FIREWALL LOGS,PROXY SERVER LOGS,NETWORK INTRUSION DETECTION LOGS,LAYER 7 NETWORK FORESIC LOGS","FINANCIAL SERVICES,RETAIL",ePACK150818A - ZEROACCESS BOTNET UTILIZES PAY PER CLICK ADVERTISING.ARB,NA,FINANCIAL GAIN,NA,18 Apr 20
eCTA150819A,eCTA,MALICIOUS MACROS DISTRIBUTE VARIOUS MALWARE,"ESPIONAGE,FINANCIAL LOSS,DISRUPTION",DEPLOYED,WHITE,"HOST INTRUSION DETECTION LOGS,PROXY SERVER LOGS,LAYER 7 NETWORK FORESIC LOGS,ANTIVIRUS LOGS","FINANCIAL SERVICES,ENERGY AND RESOURCES,PUBLIC SECTOR,CIVIL DEFENSE,RETAIL,HEALTH SCIENCES/PHARMACEUTICALS,TRANSPORTATION",ePACK150819A - MALICIOUS MACROS DISTRIBUTE VARIOUS MALWARE.ARB,NA,FINANCIAL GAIN,NA,18 Apr 20
eCTA150820A,eCTA,CRYPTOAPP RANSOMWARE,"FINANCIAL LOSS,DISRUPTION",DEPLOYED,WHITE,"HOST INTRUSION DETECTION LOGS,FIREWALL LOGS,LAYER 7 NETWORK FORESIC LOGS,PROXY SERVER LOGS,ANTIVIRUS LOGS,WINDOWS SECURITY LOGS","FINANCIAL SERVICES,ENERGY AND RESOURCES,PUBLIC SECTOR,CIVIL DEFENSE,RETAIL,HEALTH SCIENCES/PHARMACEUTICALS,TRANSPORTATION",ePACK150820A - CRYPTOAPP RANSOMWARE.ARB,NA,FINANCIAL GAIN,NA,18 Apr 20
eCTA150821A,eCTA,H1N1 DOWNLOADER DELIVERS CRYPTOLOCKERS AND BLOCKADE TROJANS,"FINANCIAL LOSS,DISRUPTION",DEPLOYED,WHITE,"NETWORK INTRUSION DETECTION LOGS,PROXY SERVER LOGS,HOST INTRUSION DETECTION LOGS,LAYER 7 NETWORK FORESIC LOGS,VULNERABILITY SCANNER LOGS","FINANCIAL SERVICES,ENERGY AND RESOURCES,PUBLIC SECTOR,CIVIL DEFENSE,RETAIL,HEALTH SCIENCES/PHARMACEUTICALS,TRANSPORTATION",ePACK150821A - H1N1 DOWNLOADER DELIVERS CRYPTOLOCKERS AND BLOCKADE TROJANS.ARB,NA,FINANCIAL GAIN,NA,18 Apr 20
eCTA150825A,eCTA,FAKE COMODO CERTIFICATES COMPROMISE SYSTEM SECURITY,"ESPIONAGE,FINANCIAL LOSS",DEPLOYED,WHITE,"LAYER 7 NETWORK FORESIC LOGS,HOST INTRUSION DETECTION LOGS,PROXY SERVER LOGS","FINANCIAL SERVICES,PUBLIC SECTOR,CIVIL DEFENSE",ePACK150825A - FAKE COMODO CERTIFICATES COMPROMISE SYSTEM SECURITY.ARB,NA,DISRUPTION,NA,18 Apr 20
eCTA150826A,eCTA,UWARRIOR RAT EXPLOITS RTF DOCUMENTS,"ESPIONAGE,FINANCIAL LOSS",DEPLOYED,WHITE,"HOST INTRUSION DETECTION LOGS,PROXY SERVER LOGS,FIREWALL LOGS,LAYER 7 NETWORK FORESIC LOGS,ANTIVIRUS LOGS,VULNERABILITY SCANNER LOGS","FINANCIAL SERVICES,ENERGY AND RESOURCES,PUBLIC SECTOR,CIVIL DEFENSE,RETAIL,HEALTH SCIENCES/PHARMACEUTICALS,TRANSPORTATION",ePACK150826A - UWARRIOR RAT EXPLOITS RTF DOCUMENTS.ARB,NA,DISRUPTION,NA,18 Apr 20
eCTA150827A,eCTA,BARTALEX DISTRIBUTES MALWARE THROUGH MACROS,"ESPIONAGE,FINANCIAL LOSS",DEPLOYED,WHITE,"EMAIL GATEWAY LOGS,LAYER 7 NETWORK FORESIC LOGS,HOST INTRUSION DETECTION LOGS,PROXY SERVER LOGS,FIREWALL LOGS","FINANCIAL SERVICES,ENERGY AND RESOURCES,PUBLIC SECTOR,CIVIL DEFENSE,RETAIL,HEALTH SCIENCES/PHARMACEUTICALS,TRANSPORTATION",ePACK150827A - BARTALEX DISTRIBUTES MALWARE THROUGH MACROS.ARB,NA,FINANCIAL GAIN,NA,18 Apr 20
eCTA150107F,eCTA,CRYPTOWALL RANSOMWARE,"FINANCIAL LOSS,DISRUPTION",IN REVIEW,WHITE,"NETWORK INTRUSION DETECTION LOGS,LAYER 7 NETWORK FORESIC LOGS,PROXY SERVER LOGS,HOST INTRUSION DETECTION LOGS,FIREWALL LOGS,WINDOWS SECURITY LOGS,ANTIVIRUS LOGS,EMAIL GATEWAY LOGS ,VULNERABILITY SCANNER LOGS","FINANCIAL SERVICES,ENERGY AND RESOURCES,PUBLIC SECTOR,CIVIL DEFENSE,RETAIL,HEALTH SCIENCES/PHARMACEUTICALS,TRANSPORTATION",ePACK150107F - CRYPTOWALL RANSOMWARE.ARB,NA,FINANCIAL GAIN,NA,18 Apr 20
eCTA150901A,eCTA,KOVTER DISTRIBUTES MALWARE THROUGH ADVERTISEMENTS,"FINANCIAL LOSS,DISRUPTION",IN REVIEW,WHITE,"VULNERABILITY SCANNER LOGS,LAYER 7 NETWORK FORESIC LOGS,HOST INTRUSION DETECTION LOGS,ANTIVIRUS LOGS,FIREWALL LOGS,PROXY SERVER LOGS,NETWORK INTRUSION DETECTION LOGS","FINANCIAL SERVICES,ENERGY AND RESOURCES,PUBLIC SECTOR,CIVIL DEFENSE,RETAIL,HEALTH SCIENCES/PHARMACEUTICALS,TRANSPORTATION",ePACK150901A - KOVTER DISTRIBUTES MALWARE THROUGH ADVERTISEMENTS.ARB,NA,FINANCIAL GAIN,NA,18 Apr 20
eCTA150903A,eCTA,COREBOT STEALS SENSITIVE INFORMATION,"ESPIONAGE,FINANCIAL LOSS",RECOMMENDED,WHITE,"HOST INTRUSION DETECTION LOGS,PROXY SERVER LOGS,FIREWALL LOGS,LAYER 7 NETWORK FORESIC LOGS,WINDOWS SECURITY LOGS,ANTIVIRUS LOGS","FINANCIAL SERVICES,ENERGY AND RESOURCES,RETAIL,HEALTH SCIENCES/PHARMACEUTICALS,TRANSPORTATION",ePACK150903A - COREBOT STEALS SENSITIVE INFORMATION.ARB,NA,FINANCIAL GAIN,NA,18 Apr 20
eCTA150828A,eCTA,MATSNU BACKDOOR AND DOWNLOADER,"ESPIONAGE,FINANCIAL LOSS,DISRUPTION",RECOMMENDED,WHITE,"ANTIVIRUS LOGS,WINDOWS SECURITY LOGS,LAYER 7 NETWORK FORESIC LOGS,HOST INTRUSION DETECTION LOGS,FIREWALL LOGS,PROXY SERVER LOGS,LAYER 7 NETWORK FORESIC LOGS","FINANCIAL SERVICES,ENERGY AND RESOURCES,PUBLIC SECTOR,CIVIL DEFENSE,RETAIL,HEALTH SCIENCES/PHARMACEUTICALS,TRANSPORTATION",ePACK150828A - MATSNU BACKDOOR AND DOWNLOADER.ARB,NA,FINANCIAL GAIN,NA,18 Apr 20
eCTA150904A,eCTA,ESCELAR TROJAN STEALS BANKING CREDENTIALS,FINANCIAL LOSS,RECOMMENDED,WHITE,"HOST INTRUSION DETECTION LOGS,PROXY SERVER LOGS,LAYER 7 NETWORK FORESIC LOGS,WINDOWS SECURITY LOGS,ANTIVIRUS LOGS",FINANCIAL SERVICES,ePACK150904A - ESCELAR TROJAN STEALS BANKING CREDENTIALS.ARB,NA,FINANCIAL GAIN,NA,18 Apr 20
eCTA150908A,eCTA,BLUETERMITE GROUP TARGETS JAPANESE ORGANIZATIONS,"ESPIONAGE,FINANCIAL LOSS,DISRUPTION",IN REVIEW,WHITE,"VULNERABILITY SCANNER LOGS,LAYER 7 NETWORK FORESIC LOGS,HOST INTRUSION DETECTION LOGS,ANTIVIRUS LOGS,FIREWALL LOGS,PROXY SERVER LOGS","FINANCIAL SERVICES,ENERGY AND RESOURCES,PUBLIC SECTOR,CIVIL DEFENSE,RETAIL,HEALTH SCIENCES/PHARMACEUTICALS,TRANSPORTATION",ePACK150908A - BLUETERMITE GROUP TARGETS JAPANESE ORGANIZATIONS.ARB,NA,FINANCIAL GAIN,NA,18 Apr 20
eCTA150909A,eCTA,MUSICAL CHAIRS CAMPAIGN DISTRIBUTES PIANO GH0ST RAT,"ESPIONAGE,FINANCIAL LOSS,DISRUPTION",IN REVIEW,WHITE,"HOST INTRUSION DETECTION LOGS,PROXY SERVER LOGS,FIREWALL LOGS,LAYER 7 NETWORK FORESIC LOGS,WINDOWS SECURITY LOGS,ANTIVIRUS LOGS,EMAIL GATEWAY LOGS","FINANCIAL SERVICES,ENERGY AND RESOURCES,PUBLIC SECTOR,CIVIL DEFENSE,RETAIL,HEALTH SCIENCES/PHARMACEUTICALS,TRANSPORTATION",ePACK150909A - MUSICAL CHAIRS CAMPAIGN DISTRIBUTES PIANO GH0ST RAT.ARB,NA,FINANCIAL GAIN,NA,18 Apr 20
eCTA150910A,eCTA,SHADOW FORCE BACKDOOR TARGETS SOUTH KOREAN MEDIA,"ESPIONAGE,DISRUPTION",DEPLOYED,WHITE,"HOST INTRUSION DETECTION LOGS,LAYER 7 NETWORK FORESIC LOGS,FIREWALL LOGS,PROXY SERVER LOGS","PUBLIC SECTOR,CIVIL DEFENSE",ePACK150910A - SHADOW FORCE BACKDOOR TARGETS SOUTH KOREAN MEDIA.ARB,NA,HACKTIVISM,NA,18 Apr 20
eCTA150526B,eCTA,YAKES TROJAN TARGETS FINANCIAL INSTITUTIONS,"ESPIONAGE,FINANCIAL LOSS,DISRUPTION",DEPLOYED,WHITE,"EMAIL GATEWAY LOGS,PROXY SERVER LOGS,HOST INTRUSION DETECTION LOGS,PROXY SERVER LOGS,ANTIVIRUS LOGS,FIREWALL LOGS","FINANCIAL SERVICES,ENERGY AND RESOURCES,PUBLIC SECTOR,CIVIL DEFENSE,RETAIL,HEALTH SCIENCES/PHARMACEUTICALS,TRANSPORTATION",ePACK150526B - YAKES TROJAN TARGETS FINANCIAL INSTITUTIONS.ARB,NA,FINANCIAL GAIN,NA,18 Apr 20
eCTA150914A,eCTA,SUCEFUL MULTI-VENDOR ATM MALWARE,"FINANCIAL LOSS,DISRUPTION",DEPLOYED,WHITE,"HOST INTRUSION DETECTION LOGS,LAYER 7 NETWORK FORESIC LOGS,ANTIVIRUS LOGS",FINANCIAL SERVICES,ePACK150914A - SUCEFUL MULTI-VENDOR ATM MALWARE.ARB,NA,FINANCIAL GAIN,NA,18 Apr 20
eCTA150916A,eCTA,HUNTER EXPLOIT KIT STEALS BANKING CREDENTIALS,"ESPIONAGE,FINANCIAL LOSS",RECOMMENDED,WHITE,"VULNERABILITY SCANNER LOGS,LAYER 7 NETWORK FORESIC LOGS,HOST INTRUSION DETECTION LOGS,WINDOWS SECURITY LOGS,FIREWALL LOGS,PROXY SERVER LOGS","FINANCIAL SERVICES,ENERGY AND RESOURCES,PUBLIC SECTOR,CIVIL DEFENSE,RETAIL,HEALTH SCIENCES/PHARMACEUTICALS,TRANSPORTATION",ePACK150916A - HUNTER EXPLOIT KIT STEALS BANKING CREDENTIALS.ARB,NA,FINANCIAL GAIN,NA,18 Apr 20
eCTA150917A,eCTA,COINVAULT RANSOMWARE,"FINANCIAL LOSS,DISRUPTION",RECOMMENDED,WHITE,"HOST INTRUSION DETECTION LOGS,ANTIVIRUS LOGS,PROXY SERVER LOGS,FIREWALL LOGS,LAYER 7 NETWORK FORESIC LOGS","FINANCIAL SERVICES,ENERGY AND RESOURCES,PUBLIC SECTOR,CIVIL DEFENSE,RETAIL,HEALTH SCIENCES/PHARMACEUTICALS,TRANSPORTATION",ePACK150917A - COINVAULT RANSOMWARE.ARB,NA,FINANCIAL GAIN,NA,18 Apr 20
eCTA150921A,eCTA,SILVERVIPER GROUP BEHIND OPM DATA BREACH,"ESPIONAGE,FINANCIAL LOSS",RECOMMENDED,WHITE,"LAYER 7 NETWORK FORESIC LOGS,FIREWALL LOGS,PROXY SERVER LOGS,ANTIVIRUS LOGS,HOST INTRUSION DETECTION LOGS","FINANCIAL SERVICES,ENERGY AND RESOURCES,PUBLIC SECTOR,CIVIL DEFENSE,HEALTH SCIENCES/PHARMACEUTICALS",ePACK150921A - SILVERVIPER GROUP BEHIND OPM DATA BREACH.ARB,NA,FINANCIAL GAIN,NA,18 Apr 20
eCTA150922A,eCTA,SMOKELOADER VARIANT USED FOR RECONNAISSANCE,"ESPIONAGE,FINANCIAL LOSS,DISRUPTION",RECOMMENDED,WHITE,"HOST INTRUSION DETECTION LOGS,WINDOWS SECURITY LOGS,FIREWALL LOGS,PROXY SERVER LOGS,LAYER 7 NETWORK FORESIC LOGS","FINANCIAL SERVICES,ENERGY AND RESOURCES,PUBLIC SECTOR,CIVIL DEFENSE,RETAIL,HEALTH SCIENCES/PHARMACEUTICALS,TRANSPORTATION",ePACK150922A - SMOKELOADER VARIANT USED FOR RECONNAISSANCE.ARB,NA,ESPIONAGE,NA,18 Apr 20
eCTA150923A,eCTA,SPARTAN EXPLOIT KIT DELIVERS ADOBE FLASH VULNERABILITY,"ESPIONAGE,FINANCIAL LOSS",RECOMMENDED,WHITE,"VULNERABILITY SCANNER LOGS,PROXY SERVER LOGS,FIREWALL LOGS,NETWORK INTRUSION DETECTION LOGS,LAYER 7 NETWORK FORESIC LOGS","FINANCIAL SERVICES,ENERGY AND RESOURCES,PUBLIC SECTOR,CIVIL DEFENSE,RETAIL,HEALTH SCIENCES/PHARMACEUTICALS,TRANSPORTATION",ePACK150923A - SPARTAN EXPLOIT KIT DELIVERS ADOBE FLASH VULNERABILITY.ARB,NA,FINANCIAL GAIN,NA,18 Apr 20
eCTA150924A,eCTA,PKYBOT TARGETS EUROPEAN BANKS,"ESPIONAGE,FINANCIAL LOSS",DEPLOYED,WHITE,"HOST INTRUSION DETECTION LOGS,ANTIVIRUS LOGS,FIREWALL LOGS,PROXY SERVER LOGS,LAYER 7 NETWORK FORESIC LOGS","FINANCIAL SERVICES,ENERGY AND RESOURCES,PUBLIC SECTOR,CIVIL DEFENSE,RETAIL,HEALTH SCIENCES/PHARMACEUTICALS,TRANSPORTATION",ePACK150924A - PKYBOT TARGETS EUROPEAN BANKS.ARB,NA,FINANCIAL GAIN,NA,18 Apr 20
eCTA150929A,eCTA,SHIFU TROJAN STEALS BANKING INFORMATION,"ESPIONAGE,FINANCIAL LOSS,DISRUPTION",DEPLOYED,WHITE,"ANTIVIRUS LOGS,HOST INTRUSION DETECTION LOGS,NETWORK INTRUSION DETECTION LOGS,LAYER 7 NETWORK FORESIC LOGS",FINANCIAL SERVICES,ePACK150929A - SHIFU TROJAN STEALS BANKING INFORMATION.ARB,NA,FINANCIAL GAIN,NA,18 Apr 20
eCTA150930A,eCTA,XOR DDOS LINUX BOTNET,"ESPIONAGE,FINANCIAL LOSS,DISRUPTION",DEPLOYED,WHITE,"PROXY SERVER LOGS,NETWORK INTRUSION DETECTION LOGS,ANTIVIRUS LOGS,FIREWALL LOGS,LAYER 7 NETWORK FORESIC LOGS","FINANCIAL SERVICES,ENERGY AND RESOURCES,PUBLIC SECTOR,CIVIL DEFENSE,RETAIL,HEALTH SCIENCES/PHARMACEUTICALS,TRANSPORTATION",ePACK150930A - XOR DDOS LINUX BOTNET.ARB,NA,DISRUPTION,NA,18 Apr 20
eCTA150928A,eCTA,GREENDISPENSER STEALS CASH FROM ATMS,"FINANCIAL LOSS,DISRUPTION",DEPLOYED,WHITE,"HOST INTRUSION DETECTION LOGS,ANTIVIRUS LOGS,WINDOWS SECURITY LOGS,LAYER 7 NETWORK FORESIC LOGS","FINANCIAL SERVICES,RETAIL",ePACK150928A - GREENDISPENSER STEALS CASH FROM ATMS.ARB,NA,FINANCIAL GAIN,NA,18 Apr 20
eCTA151007A,eCTA,DUKES FAMILY MALWARE ROLLUP,"ESPIONAGE,FINANCIAL LOSS,DISRUPTION",DEPLOYED,WHITE,"EMAIL GATEWAY LOGS,PROXY SERVER LOGS,VULNERABILITY SCANNER LOGS,HOST INTRUSION DETECTION LOGS,FIREWALL LOGS,WINDOWS SECURITY LOGS,LAYER 7 NETWORK FORESIC LOGS","FINANCIAL SERVICES,ENERGY AND RESOURCES,PUBLIC SECTOR,CIVIL DEFENSE,RETAIL,HEALTH SCIENCES/PHARMACEUTICALS,TRANSPORTATION",ePACK151007A - DUKES FAMILY MALWARE ROLLUP.ARB,NA,FINANCIAL GAIN,NA,18 Apr 20
eCTA151008A,eCTA,KAIXIN EXPLOIT KIT TARGETS SOUTH KOREAN WEBSITES,"ESPIONAGE,FINANCIAL LOSS",DEPLOYED,WHITE,"VULNERABILITY SCANNER LOGS,HOST INTRUSION DETECTION LOGS,FIREWALL LOGS,PROXY SERVER LOGS,ANTIVIRUS LOGS,NETWORK INTRUSION DETECTION LOGS,LAYER 7 NETWORK FORESIC LOGS","FINANCIAL SERVICES,ENERGY AND RESOURCES,PUBLIC SECTOR,CIVIL DEFENSE,RETAIL,HEALTH SCIENCES/PHARMACEUTICALS,TRANSPORTATION",ePACK151008A - KAIXIN EXPLOIT KIT TARGETS SOUTH KOREAN WEBSITES.ARB,NA,FINANCIAL GAIN,NA,18 Apr 20
eCTA151009A,eCTA,INFECTED KOREAN WEBSITES DISTRIBUTE VENIK BANKING TROJAN,"ESPIONAGE,FINANCIAL LOSS",DEPLOYED,WHITE,"HOST INTRUSION DETECTION LOGS,PROXY SERVER LOGS,ANTIVIRUS LOGS,FIREWALL LOGS,LAYER 7 NETWORK FORESIC LOGS","FINANCIAL SERVICES,ENERGY AND RESOURCES,PUBLIC SECTOR,CIVIL DEFENSE,RETAIL,HEALTH SCIENCES/PHARMACEUTICALS,TRANSPORTATION",ePACK151009A - INFECTED KOREAN WEBSITES DISTRIBUTE VENIK BANKING TROJAN.ARB,NA,FINANCIAL GAIN,NA,18 Apr 20
eCTA151014A,eCTA,CUCKOO MINER CAMPAIGN TARGETS FINANCIAL INSTITUTIONS,"ESPIONAGE,FINANCIAL LOSS",IN REVIEW,WHITE,"VULNERABILITY SCANNER LOGS,HOST INTRUSION DETECTION LOGS,FIREWALL LOGS,ANTIVIRUS LOGS,LAYER 7 NETWORK FORESIC LOGS",FINANCIAL SERVICES,ePACK151014A - CUCKOO MINER CAMPAIGN TARGETS FINANCIAL INSTITUTIONS.ARB,NA,FINANCIAL GAIN,NA,18 Apr 20
eCTA151015A,eCTA,HDD ROOTKIT FOR CYBER-ESPIONAGE,ESPIONAGE,IN REVIEW,WHITE,"HOST INTRUSION DETECTION LOGS,ANTIVIRUS LOGS,PROXY SERVER LOGS,FIREWALL LOGS,HOST INTRUSION DETECTION LOGS,LAYER 7 NETWORK FORESIC LOGS","FINANCIAL SERVICES,ENERGY AND RESOURCES,PUBLIC SECTOR,CIVIL DEFENSE,RETAIL,HEALTH SCIENCES/PHARMACEUTICALS,TRANSPORTATION",ePACK151015A - HDD ROOTKIT FOR CYBER-ESPIONAGE.ARB,NA,ESPIONAGE,NA,18 Apr 20
eCTA151019A,eCTA,BROLUX BANKING TROJAN,"ESPIONAGE,FINANCIAL LOSS",RECOMMENDED,GREEN,"VULNERABILITY SCANNER LOGS,FIREWALL LOGS,PROXY SERVER LOGS,HOST INTRUSION DETECTION LOGS,LAYER 7 NETWORK FORESIC LOGS","FINANCIAL SERVICES,ENERGY AND RESOURCES,PUBLIC SECTOR,CIVIL DEFENSE,RETAIL,HEALTH SCIENCES/PHARMACEUTICALS,TRANSPORTATION",ePACK151019A - BROLUX BANKING TROJAN.ARB,NA,FINANCIAL GAIN,NA,18 Apr 20
